,count,unique,top,freq,mean,min,25%,50%,75%,max,std
storm_id,47533,944,freddy-2023,301,,,,,,,
storm_name,47533,782,Freddy,301,,,,,,,
storm_type,47533,11,Tropical Storm,11994,,,,,,,
storm_description,47533,15,Tropical Storm,11994,,,,,,,
season,47533,22,2018,6006,,,,,,,
storm_max_wind,47533.0,,,,32.091052531925186,0.0,16.0,26.0,40.0,160.0,25.106767689655026
storm_forecast,47533.0,,,,32.09149433025477,0.0,16.0,26.0,40.0,160.0,25.10630981029708
storm_active,153,1,True,153,,,,,,,
agencies,47533,4,JTWC,28857,,,,,,,
place,47533,201,in the eastern Pacific Ocean,3930,,,,,,,
year,47533.0,,,,2020.7993183682916,2016.0,2019.0,2021.0,2023.0,2026.0,2.635404479086731
track_id,47533,301,track_1,942,,,,,,,
track_num,47533.0,,,,35.70094460690468,1.0,13.0,28.0,50.0,301.0,30.35625102168622
date_utc,47533,,,,2021-04-21 06:52:49.127974+00:00,2016-07-15 00:00:00+00:00,2018-12-09 18:00:00+00:00,2021-02-08 12:00:00+00:00,2023-08-13 09:00:00+00:00,2026-01-24 00:00:00+00:00,
longitude,47533.0,,,,35.13929059811078,-179.8,-71.0,73.5,126.4,256.3,105.89179289317352
latitude,47533.0,,,,10.41272799949509,-44.3,-11.7,15.9,22.8,64.0,19.48095615035862
wind,47533.0,,,,49.90999936885953,0.0,30.0,40.0,60.0,170.0,27.381867393978112
pressure,47471.0,,,,989.9426597290977,882.0,983.0,997.0,1004.0,1019.0,19.511147942490734
spline_point_count,40211.0,,,,4.351993235681778,3.0,3.0,4.0,5.0,209.0,1.954250990698765
spline_length_deg,40211.0,,,,0.7827602064360498,0.007685,0.316272,0.495067,0.692332,365.61282,9.16704897440222
spline_end_lon,40211.0,,,,35.69008455397777,-180.0,-68.0,75.3,126.1,179.9,104.96329559954017
spline_end_lat,40211.0,,,,10.12389943050409,-44.3,-12.6,16.0,23.3,64.0,20.026698627461734
spline_displacement,40211.0,,,,0.7770679023401557,0.0,0.316228,0.490408,0.68593,359.8005,9.118306939814168
spline_bearing_deg,40211.0,,,,209.6762308820969,0.0,115.11,255.96,293.2,358.75,106.38340387758217
spline_curvature,40142.0,,,,1.014659685616063,1.0,1.0004,1.001,1.0034,101.7351,0.6242528720371747
nearest_city,47533,58,La Trinidad,14673,,,,,,,
nearest_state,47533,55,Cordillera,14566,,,,,,,
nearest_country,47533,25,Philippines,14566,,,,,,,
nearest_lat,47533.0,,,,16.039389713882986,-33.5165,14.73807,16.455,19.61668,54.17841,16.40739744970656
nearest_lon,47533.0,,,,26.756364800875183,-122.71446,-77.53165,57.64194,120.5875,120.5875,95.68020785077051
elevation,47533.0,,,,749.9845370584646,3.0,66.0,319.0,1318.0,2812.0,808.788254346788
timezone,47533,26,Asia/Manila,14566,,,,,,,
timezone_offset,47533.0,,,,1.8979340668588138,-8.0,-5.0,4.0,8.0,8.0,6.3195887385626595
sun_ra_hours,47533.0,,,,12.532881784495222,0.001185153094278787,9.06403901598973,11.985577890040524,16.1371079972558,23.996819546603636,5.7069883874131895
sun_dec_deg,47533.0,,,,0.03907353157419598,-23.437984772462283,-13.442643469671523,0.08786319884105608,13.503208178018411,23.436752179487563,14.895480307174834
sun_ecliptic_lon_deg,47533.0,,,,187.80626131861973,0.07140011761967714,133.76033148625268,179.96801410727818,244.17470714844666,359.9976055491566,85.35565170177334
sun_ecliptic_lat_deg,47533.0,,,,-0.00037403789341269704,-0.0025211909027653004,-0.00118763030572816,-0.00037497957989937104,0.00023756018469606914,0.0023796032271702636,0.0009701327824751659
sun_altitude_deg,47533.0,,,,3.2753365281866165,-89.69147553777448,-35.35740510008331,2.488691814583938,41.687915043082235,89.58882194469527,44.036384728504665
sun_azimuth_deg,47533.0,,,,179.38325660862566,0.008298346425852685,91.08206961118812,178.4732483825098,268.18512529588287,359.97424316332,96.47376790939065
sun_sin_alt,47533.0,,,,0.04007963241709464,-0.9999855021735002,-0.5786750289980853,0.04342220929693963,0.6650728572242265,0.9999742496739761,0.6399299925162438
sun_cos_alt,47533.0,,,,0.7291851143339724,0.005384741666279168,0.5719545415627405,0.7841048261543501,0.941367105231132,0.999999999942965,0.23912782159669382
sun_sin_az,47533.0,,,,0.0021103671902849615,-0.9999999968482868,-0.926894656733449,0.010888889975894918,0.9273270805951335,0.9999999924954899,0.8468732385911676
sun_cos_az,47533.0,,,,-0.016178094182287668,-0.9999998746676584,-0.3898005196383448,-0.025903030220564296,0.3550909605802045,0.9999999895116334,0.5315642635046597
moon_ra_hours,47533.0,,,,11.964080168545582,0.00031056738171296363,6.16991320074775,12.003810331435309,17.693822560041266,23.999517537915555,6.845399245172611
moon_dec_deg,47533.0,,,,-0.05239605410803053,-29.55404454815475,-16.846765495368402,-0.09296933336168692,16.850437865833666,29.43709591506206,17.55075907660842
moon_ecliptic_lon_deg,47533.0,,,,180.2075441631886,0.0063039465518715775,93.7447504836473,180.24257971157513,267.17826497129033,359.9975551816412,101.98292707584052
moon_ecliptic_lat_deg,47533.0,,,,-0.07367075758097931,-6.205056765666041,-3.7630079795823,0.012456542243613597,3.584205522500787,6.088339158773164,3.689222469670393
moon_altitude_deg,47533.0,,,,-0.4466687004934722,-89.72481339768069,-37.82119782453402,-0.7821307328897047,36.79745541050023,89.88946963183155,44.04403395351199
moon_azimuth_deg,47533.0,,,,179.86522791549388,0.008623825183146626,89.36844957456863,179.9423194266477,270.43947277929976,359.98668747350115,97.92124202508899
moon_sin_alt,47533.0,,,,-0.007563773687516956,-0.9999884660390458,-0.6131993467969994,-0.013650332519746589,0.5989880362716855,0.9999981392508123,0.6370286531470337
moon_cos_alt,47533.0,,,,0.7311133965112293,0.0019291176514455513,0.5763960195441951,0.7954785934594414,0.9441066935210497,0.9999999993109554,0.24417263866782676
moon_sin_az,47533.0,,,,0.00011496900416720013,-0.9999999946465482,-0.9172621282372807,0.000799775540459327,0.9179223295351945,0.9999999990716709,0.8405673690732628
moon_cos_az,47533.0,,,,0.00424487752012587,-0.9999999985311645,-0.3944174220314456,0.009058748508217637,0.40026017188031116,0.9999999886727463,0.5417097967778989
mercury_ra_hours,47533.0,,,,12.680256032996498,0.0005404112819887719,9.497215298951494,12.338881687285594,16.485966329217387,23.999964776499855,5.632615761776116
mercury_dec_deg,47533.0,,,,-1.870794060973715,-25.83581225066667,-15.961079234215367,-1.3306101662536096,11.080487803496146,25.653736321210562,14.992924793522448
mercury_ecliptic_lon_deg,47533.0,,,,190.27543911060283,0.07090463297940128,140.33792883127694,186.17919498609854,249.27426605981887,359.9972764491109,84.22422009269937
mercury_ecliptic_lat_deg,47533.0,,,,-0.5706306289603064,-4.9708295961125,-2.1372775987934305,-0.503818419016864,1.3485095370074678,3.72225894085238,2.1164279929398733
mercury_altitude_deg,47533.0,,,,2.475791062370697,-89.83336170147163,-36.052274520649995,1.6486209171097943,40.343995178417664,89.36940149797917,44.0511463021157
mercury_azimuth_deg,47533.0,,,,179.85154870391196,0.017745179042199577,94.46085817979932,178.20093189479735,265.5866287931371,359.99339684368624,94.20704482220242
mercury_sin_alt,47533.0,,,,0.0299238956504053,-0.9999957706455999,-0.588523124320027,0.02876989280282864,0.6473752118275669,0.9999394343719523,0.6398889382163463
mercury_cos_alt,47533.0,,,,0.7296637186522611,0.002908382869040391,0.5744508141433664,0.7863030594768519,0.9413899664043704,0.9999999998851467,0.23926425443870408
mercury_sin_az,47533.0,,,,0.005039535969066925,-0.99999999982451,-0.9230282225631189,0.018524456042673988,0.9247885281094215,0.9999999999690895,0.8460383737311636
mercury_cos_az,47533.0,,,,-0.05245725166036793,-0.9999999644487091,-0.4271551248152744,-0.07733176947400401,0.3207816340951815,0.9999999933590854,0.5305307625679384
venus_ra_hours,47533.0,,,,12.110098871033049,1.919188296687878e-05,8.58500582003382,11.912935643843317,16.069623756738082,23.99999968325089,5.967112588911445
venus_dec_deg,47533.0,,,,-0.349511465662628,-27.246862924121135,-16.159899144067065,1.7429765096668934,12.64646358161411,27.600721870042733,15.83327774858171
venus_ecliptic_lon_deg,47533.0,,,,180.5668871010829,0.0134199259691767,125.13801578961704,177.58471242772782,241.7401822287469,359.98652329750905,89.20840693366513
venus_ecliptic_lat_deg,47533.0,,,,-0.33733174678650446,-8.096162605050221,-1.5864902239480065,-0.18206903760982382,1.3037517956297018,8.56508761428138,2.7455674746428897
venus_altitude_deg,47533.0,,,,2.3750794653779415,-89.91016610246483,-35.90358217063964,1.602000426346844,40.06276574269931,89.43558417361206,44.08302093030326
venus_azimuth_deg,47533.0,,,,179.86610646338497,0.014460598629811788,92.33685697332379,178.97673381321175,267.3408680007639,359.98734650557213,95.96464771512738
venus_sin_alt,47533.0,,,,0.028698855745379916,-0.9999987708492929,-0.5864229999374729,0.027956539120286075,0.6436264016680502,0.9999514801339195,0.6390804265861376
venus_cos_alt,47533.0,,,,0.7296157663691315,0.0015678966494939853,0.575802027476224,0.7886520028217527,0.9417976722372189,0.9999999999940965,0.2417089965932786
venus_sin_az,47533.0,,,,0.0024439689302112816,-0.9999999989132666,-0.9252197546863096,0.011172857874960246,0.9251877836356545,0.9999999999642322,0.8457412431325103
venus_cos_az,47533.0,,,,-0.024878915706069232,-0.9999999980204474,-0.3985548942673982,-0.04342274911415523,0.35405855578533013,0.9999999756137122,0.5330270551712176
mars_ra_hours,47533.0,,,,11.019972721376542,0.0030413980995826584,5.191706163713728,10.881263165274547,16.250037646205527,23.999820917592643,6.590136575396353
mars_dec_deg,47533.0,,,,1.6039516299215109,-26.559751039050564,-14.935883775194483,4.765141079398176,18.515645253352847,26.281000372936138,17.281377937181276
mars_ecliptic_lon_deg,47533.0,,,,165.21082349054973,0.011738085015589041,79.19639811781816,161.71333435542562,246.09437750305864,359.9535510022705,97.94318087765838
mars_ecliptic_lat_deg,47533.0,,,,-0.3023387385281534,-6.588352221479298,-1.085329530458184,0.3636212557298368,1.0526632719007916,4.32969576089349,2.0999746650973816
mars_altitude_deg,47533.0,,,,0.9223872628826635,-89.93467148933065,-36.554492157529424,0.8247106035047489,38.587777340530714,89.35285031997047,43.99279303782439
mars_azimuth_deg,47533.0,,,,180.3630521338088,0.009102801169318447,87.85541125693871,179.52561901942695,272.5388272205972,359.97942749842105,99.23941068084709
mars_sin_alt,47533.0,,,,0.011163754070972302,-0.9999993499747794,-0.5955870398060834,0.01439341837900027,0.6237128641513282,0.9999362133779233,0.6369628618527808
mars_cos_alt,47533.0,,,,0.7315231379179027,0.001140197359551982,0.5806973436335767,0.7934051287162155,0.9429806664657527,0.999999991602291,0.2429760472026529
mars_sin_az,47533.0,,,,0.003382069042889288,-0.9999999998319664,-0.9175196008342833,0.0027009490061339174,0.9183130260095679,0.9999999990249449,0.8400537404875345
mars_cos_az,47533.0,,,,0.024424006611780246,-0.9999999845237147,-0.3733343386504653,0.04114798567610526,0.4207164336600078,0.9999999873795496,0.5419619620143641
jupiter_ra_hours,47533.0,,,,12.428111636375188,5.066102316830504e-05,5.151490910572473,14.764507310781438,18.81241994875669,23.999999536890495,7.337603469543889
jupiter_dec_deg,47533.0,,,,-4.7010516716560895,-23.306766075979116,-19.37056150667717,-9.8782018244642,13.350957586446928,23.278512945255162,16.437138829396478
jupiter_ecliptic_lon_deg,47533.0,,,,187.9685437047327,0.001457327271363721,78.87852874645927,224.16501167526891,284.3713965750568,359.99741364023663,109.25107054363943
jupiter_ecliptic_lat_deg,47533.0,,,,-0.17811827122317925,-1.6216578294523305,-1.0621892051699908,-0.3706842713945261,0.6441816857063883,1.5824348154676349,0.9190831636415192
jupiter_altitude_deg,47533.0,,,,-0.7225718742691154,-89.55690208271243,-38.29219083027894,-0.5601868059222976,37.0206016712087,89.6638602557238,44.14940333175912
jupiter_azimuth_deg,47533.0,,,,179.91442667255686,0.047909807027531094,98.85912206887338,179.52362070402114,261.1179736180081,359.9803751761676,91.84066423687815
jupiter_sin_alt,47533.0,,,,-0.00943912858418951,-0.9999700965020706,-0.6196720643756097,-0.009776948421875887,0.6021021472116567,0.999982790699244,0.6379843990055487
jupiter_cos_alt,47533.0,,,,0.7299235989795246,0.005866711630198193,0.5802456226279185,0.7917195584909276,0.9436688059663515,0.9999999999679411,0.2451696895334057
jupiter_sin_az,47533.0,,,,0.0018425715655889202,-0.9999999940189485,-0.9234777280401449,0.004855741338385505,0.9248028873796077,0.9999999996144733,0.8433239607772267
jupiter_cos_az,47533.0,,,,-0.09173990613689921,-0.9999999971058015,-0.4566305763737381,-0.1541966818637261,0.288368046507817,0.999999941340782,0.5295337128585985
saturn_ra_hours,47533.0,,,,19.719662886933616,0.0001192019220323742,18.437078621604705,20.09789848595296,22.136747836109322,23.999559345113205,4.102304769755096
saturn_dec_deg,47533.0,,,,-16.833497850811945,-22.78054575016712,-22.077776886092146,-19.417812562118492,-12.34493976055197,-1.4628067111758525,6.38821423997296
saturn_ecliptic_lon_deg,47533.0,,,,295.812984638522,0.006307832229638472,276.6080733734883,300.0991141281145,330.5505663961776,359.9974860899765,58.63681055309586
saturn_ecliptic_lat_deg,47533.0,,,,-0.5336649297744142,-2.5120421841440255,-1.641333343910529,-0.4322784573678561,0.5123968693885547,1.7104294554638504,1.1789704436193953
saturn_altitude_deg,47533.0,,,,-4.076011142536612,-89.60740045849494,-41.59060844626673,-3.1732595068592166,33.30747391264687,89.59594793017311,43.84040322553885
saturn_azimuth_deg,47533.0,,,,179.94297383464294,0.03135734691870186,109.63273078857618,179.95543926891082,250.1025232152776,359.9453324029411,74.76870971122976
saturn_sin_alt,47533.0,,,,-0.05147780512839132,-0.9999765240802411,-0.6638036295055993,-0.05535551699210662,0.5491318397029493,0.9999751344762468,0.6341482371539001
saturn_cos_alt,47533.0,,,,0.7314655664909019,0.0068521010207886505,0.5829527184300565,0.7968546052446839,0.9440700731060804,0.9999999999709094,0.24530368970496136
saturn_sin_az,47533.0,,,,0.0008713144934880807,-0.99999999236249,-0.920807997704049,0.0007732507015824026,0.9224414439787081,0.9999999999683649,0.8416743313500649
saturn_cos_az,47533.0,,,,-0.33046885728429226,-0.9999999952561132,-0.6282322779900726,-0.3378919740692114,-0.1271727110732153,0.9999998502374072,0.42707450867737556
uranus_ra_hours,47533.0,,,,2.5917087534139718,1.2665350562991948,1.996599864992992,2.534223586942117,3.201043884994211,3.9344162100152014,0.7194342028398317
uranus_dec_deg,47533.0,,,,14.462090719137503,7.378417947868787,11.628029110984361,14.458643104383066,17.541381361678393,20.17185053566538,3.451667792019785
uranus_ecliptic_lon_deg,47533.0,,,,41.285345098107136,20.55792909067764,32.18067247372475,40.56032408649617,50.69370692014412,61.46382584014747,11.017037039546361
uranus_ecliptic_lat_deg,47533.0,,,,-0.42340325714604987,-0.6373327074485411,-0.5283907196823763,-0.4312250219946022,-0.3188048424494476,-0.19077045418861677,0.12139858401110742
uranus_altitude_deg,47533.0,,,,3.7972299036835206,-89.27618770638111,-34.54236406139025,2.648693917515882,42.202472268569615,89.95278946542439,44.38598457975594
uranus_azimuth_deg,47533.0,,,,180.13263408501925,0.030662416706959073,74.48553310579996,183.13158424169706,285.4976531820295,359.9795574549317,112.89292906977204
uranus_sin_alt,47533.0,,,,0.046797731087240516,-0.9999202058828532,-0.5670154346459364,0.046211965950049616,0.671752553842999,0.9999996605291005,0.6405960888819221
uranus_cos_alt,47533.0,,,,0.7254102842472558,0.0008239791767319736,0.5703812550951031,0.7866125060983971,0.9413533816663829,0.9999999989726456,0.24746002567457645
uranus_sin_az,47533.0,,,,-0.002184777293660868,-0.999999999984453,-0.9408453715961081,-0.010175152850513985,0.9397437509713271,0.9999999999985637,0.8560843983387053
uranus_cos_az,47533.0,,,,0.27870096776778236,-0.9999994359516474,0.06446038151937988,0.2673766608673932,0.5747989134340521,0.999999936350549,0.4352699213664764
neptune_ra_hours,47533.0,,,,21.788064265882436,2.762481700096673e-05,23.057340170726615,23.3258294867017,23.666982763822965,23.99995586379408,5.928126166162848
neptune_dec_deg,47533.0,,,,-4.759644249202726,-8.99599850208858,-6.594796123967045,-4.89048812529279,-2.8730816096579845,-0.49330760467553664,2.205553259200871
neptune_ecliptic_lon_deg,47533.0,,,,330.23164943009317,0.0007351030569314649,344.76439960360585,349.1788542105663,354.7433182696467,359.99999037157295,81.21626908370018
neptune_ecliptic_lat_deg,47533.0,,,,-1.116477758466299,-1.374494546750566,-1.228804988355966,-1.1145126116674526,-0.9953085989772747,-0.8480577013102849,0.14363034251009968
neptune_altitude_deg,47533.0,,,,-1.157634942297299,-89.50149133624346,-41.56227140893059,-0.8190898706976679,39.15176554809779,88.82549959066763,45.080004733622154
neptune_azimuth_deg,47533.0,,,,180.42650349998047,0.018480799886015645,94.61949359565075,180.91966396857532,265.55672315677054,359.9621057550659,91.55917633061658
neptune_sin_alt,47533.0,,,,-0.014069007674927676,-0.9999621498660531,-0.6634336525754894,-0.014295328178309898,0.6313766917620092,0.9997899049226814,0.6552036780018635
neptune_cos_alt,47533.0,,,,0.7172957347442888,0.008700507758812197,0.5343665724290503,0.7621676300886501,0.9379120805908046,0.9999999997544328,0.2366584923547892
neptune_sin_az,47533.0,,,,-0.0019581856009832387,-0.9999999992465686,-0.9530206409531461,-0.008428569524125277,0.9518783978239458,0.9999999999998818,0.865929316991649
neptune_cos_az,47533.0,,,,-0.07951536906080112,-0.999999901515477,-0.39259512319254997,-0.07894459963875228,0.1992504724838013,0.9999999479804891,0.4938226350872858
lunar_node_ascending_utc,47533,114,2018-09-06T22:42:10Z,1185,,,,,,,
lunar_node_descending_utc,47533,114,2018-09-20T09:31:10Z,1185,,,,,,,
date_local,47533,2831,01/09/2023,86,,,,,,,
time_local,47533,113,13:00:00,2759,,,,,,,
sunrise,47533,211,nan,1980,,,,,,,
sunset,47533,281,nan,1980,,,,,,,
moonrise,47533,2671,nan,1980,,,,,,,
moonset,47533,2534,nan,1980,,,,,,,
tithi,47533,4965,nan,1980,,,,,,,
nakshatra,47533,5132,nan,1980,,,,,,,
yoga,47533,5235,nan,1980,,,,,,,
karana,47533,3778,nan,1980,,,,,,,
weekday,47533,8,Cani,6585,,,,,,,
paksha,47533,3,Shukla Paksha,22848,,,,,,,
moonsign,47533,2330,Tula,2250,,,,,,,
sunsign,47533,199,Simha,7146,,,,,,,
drik_ritu,47533,7,Sharad (Autumn),15723,,,,,,,
vedic_ritu,47533,7,Varsha (Monsoon),17346,,,,,,,
drik_ayana,47533,3,Dakshinayana,30791,,,,,,,
vedic_ayana,47533,3,Dakshinayana,30777,,,,,,,
dinamana,47533,4796,nan,1980,,,,,,,
ratrimana,47533,4788,nan,1980,,,,,,,
rahu_kalam,47533,3987,nan,1980,,,,,,,
yamaganda,47533,3967,nan,1980,,,,,,,
gulikai_kalam,47533,3916,nan,1980,,,,,,,
anandadi_yoga,47533,5114,nan,1980,,,,,,,
tamil_yoga,47533,3540,nan,1980,,,,,,,
disha_shool,47533,5,East,13104,,,,,,,
agnivasa,45553,3142,Prithvi (Earth),11175,,,,,,,
lahiri_ayanamsha,45553.0,,,,24.162897685706763,24.094804,24.128495,24.163034,24.194193,24.227909,0.03644078704522684
vedic_lagna_full_degree,45290.0,,,,175.77421086332524,0.02,91.2525,175.02,257.1975,359.98,99.33956844727763
vedic_lagna_padam,45290.0,,,,2.5062927798631045,1.0,2.0,3.0,4.0,4.0,1.1146463555746997
vedic_lagna_speed_deg_per_day,45290.0,,,,360.8489620225215,243.09,325.32,340.85,386.7275,984.77,60.32716982564763
vedic_lagna_right_ascension,45290.0,,,,180.26379885184366,0.01,98.11,180.2,261.5475,359.99,99.47598919867698
vedic_lagna_declination,45290.0,,,,-0.031809229410465885,-23.44,-17.05,-0.06,16.99,23.43,16.795574118052482
vedic_lagna_nakshatra,47533,28,nan,2243,,,,,,,
vedic_surya_full_degree,45290.0,,,,177.55314285714286,0.08,118.31,161.64,238.52,359.98,84.85455732803271
vedic_surya_padam,45290.0,,,,2.505762861558843,1.0,1.0,3.0,4.0,4.0,1.1304051107815594
vedic_surya_speed_deg_per_day,45290.0,,,,0.9785992492824022,0.95,0.96,0.98,1.0,2.45,0.023719444202249137
vedic_surya_right_ascension,45290.0,,,,187.08034179730623,0.06,136.8125,180.085,239.165,359.99,85.50836558936764
vedic_surya_declination,45290.0,,,,-0.040177743431221054,-23.44,-13.45,-0.03,13.2,23.43,14.800694908762516
vedic_surya_nakshatra,47533,28,U Phalguni,3840,,,,,,,
vedic_chandra_full_degree,45290.0,,,,177.9023771251932,0.0,89.35,176.77,265.62,359.98,102.74429191462536
vedic_chandra_padam,45290.0,,,,2.501368955619342,1.0,1.0,3.0,4.0,4.0,1.1187957088418685
vedic_chandra_speed_deg_per_day,45290.0,,,,13.234948995363213,11.76,12.19,13.17,14.16,28.71,1.0673393885746707
vedic_chandra_right_ascension,45290.0,,,,178.71280238463237,0.02,91.0,178.54,265.43,359.99,103.15852646416997
vedic_chandra_declination,45290.0,,,,0.2042779863104439,-28.7,-16.61,0.31,17.11,28.71,17.589421157644804
vedic_chandra_nakshatra,47533,28,nan,2243,,,,,,,
vedic_mangal_full_degree,45290.0,,,,167.9883437844999,0.0,83.67,155.87,261.71750000000003,359.98,101.49798561902412
vedic_mangal_padam,45290.0,,,,2.475888717156105,1.0,2.0,2.0,3.0,4.0,1.0934414375607675
vedic_mangal_speed_deg_per_day,45290.0,,,,0.5022614263634356,-0.41,0.44,0.63,0.66,0.77,0.27584525452697156
vedic_mangal_right_ascension,45290.0,,,,167.57683263413557,0.01,80.35249999999999,165.04,248.8975,359.98,98.22046866673898
vedic_mangal_declination,45290.0,,,,1.5656513579156548,-26.5,-15.1675,4.82,18.94,26.23,17.400697605134457
vedic_mangal_nakshatra,47533,28,U Ashadha,3069,,,,,,,
vedic_budha_full_degree,45290.0,,,,178.72823912563481,0.02,122.4,167.8,234.85750000000002,359.95,83.4904669953813
vedic_budha_padam,45290.0,,,,2.498145285935085,1.0,1.0,2.0,3.0,4.0,1.117669497051568
vedic_budha_speed_deg_per_day,45290.0,,,,0.9161035548686245,-1.38,0.18,1.31,1.65,2.2,0.9421479775465411
vedic_budha_right_ascension,45290.0,,,,188.83431596378892,0.01,140.93,184.8,245.53,359.98,84.58277954769262
vedic_budha_declination,45290.0,,,,-1.8776027820710972,-25.84,-15.78,-1.48,11.06,25.66,14.96720308218545
vedic_budha_nakshatra,47533,28,P Phalguni,3835,,,,,,,
vedic_guru_full_degree,45290.0,,,,194.86968602340474,0.02,86.68,208.78,276.5325,359.99,105.60812947271265
vedic_guru_padam,45290.0,,,,2.5482004857584455,1.0,2.0,3.0,3.0,4.0,1.0903586711861804
vedic_guru_speed_deg_per_day,45290.0,,,,0.07118414661073086,-0.14,-0.04,0.1,0.19,0.24,0.12456200233052703
vedic_guru_right_ascension,45290.0,,,,183.12725325678957,0.0,75.53,219.52,281.5625,359.99,111.36214171594698
vedic_guru_declination,45290.0,,,,-4.145892249944801,-23.31,-18.24,-8.68,14.07,23.27,16.486692434718297
vedic_guru_nakshatra,47533,25,Vishakha,4609,,,,,,,
vedic_shukra_full_degree,45290.0,,,,179.59892249944798,0.03,112.15,169.91,248.93,359.99,89.20490326061682
vedic_shukra_padam,45290.0,,,,2.481143740340031,1.0,1.0,2.0,3.0,4.0,1.119939623753233
vedic_shukra_speed_deg_per_day,45290.0,,,,0.9599704128946787,-0.63,0.96,1.19,1.23,1.25,0.47593614565386255
vedic_shukra_right_ascension,45290.0,,,,180.87045705453744,0.0,128.48,178.91,238.8675,359.98,89.97772913486264
vedic_shukra_declination,45290.0,,,,-0.35295848973283295,-27.25,-15.87,1.72,12.26,27.62,15.728591383615997
vedic_shukra_nakshatra,47533,28,Ashlesha,3824,,,,,,,
vedic_shani_full_degree,45290.0,,,,283.1433080150143,226.13,255.805,283.03,308.86,337.71,30.36575804385124
vedic_shani_padam,45290.0,,,,2.431728858467653,1.0,1.0,2.0,3.0,4.0,1.119693237641124
vedic_shani_speed_deg_per_day,45290.0,,,,0.008705895341134907,-0.08,-0.06,0.0,0.08,0.12,0.06963940528970536
vedic_shani_right_ascension,45290.0,,,,296.06715919629056,0.0,277.08,304.21,333.3,359.99,63.63459528135766
vedic_shani_declination,45290.0,,,,-16.563632810775005,-22.78,-22.07,-19.21,-12.03,-1.33,6.4794461016663245
vedic_shani_nakshatra,47533,11,Mula,6466,,,,,,,
vedic_arun_full_degree,45290.0,,,,31.808665930669022,0.0,8.782499999999999,18.795,28.79,359.99,67.19752407192
vedic_arun_padam,45290.0,,,,2.5413777875910797,1.0,2.0,3.0,4.0,4.0,1.116489591559434
vedic_arun_speed_deg_per_day,45290.0,,,,-0.005336498123206007,-0.05,-0.03,-0.01,0.02,0.05,0.032011723164157665
vedic_arun_right_ascension,45290.0,,,,39.51512055641422,19.21,30.38,38.54,49.06,59.39,10.860565965291107
vedic_arun_declination,45290.0,,,,14.658099359682051,7.46,11.78,14.69,17.81,20.24,3.45263839550963
vedic_arun_nakshatra,47533,5,Ashwini,16900,,,,,,,
vedic_varun_full_degree,45290.0,,,,326.8530282623096,315.14,321.88,326.66,332.04,337.95,5.958981854243585
vedic_varun_padam,45290.0,,,,2.451159196290572,1.0,1.0,2.0,4.0,4.0,1.2105732182168805
vedic_varun_speed_deg_per_day,45290.0,,,,-0.008727533671892251,-0.03,-0.03,-0.02,0.01,0.03,0.023162002179726155
vedic_varun_right_ascension,45290.0,,,,317.0636573194966,0.0,345.74,349.92,354.91,359.99,103.95998017825767
vedic_varun_declination,45290.0,,,,-4.578937513799955,-8.91,-6.47,-4.66,-2.64,-0.36,2.227939107052653
vedic_varun_nakshatra,47533,4,P Bhadrapada,30577,,,,,,,
vedic_yam_full_degree,45290.0,,,,270.2598944579377,260.59,266.31,270.32,274.04,279.23,4.750184961019106
vedic_yam_padam,45290.0,,,,2.7685361006844778,1.0,2.0,3.0,4.0,4.0,1.1025150344806334
vedic_yam_speed_deg_per_day,45290.0,,,,-0.003489512033561493,-0.03,-0.02,-0.01,0.02,0.03,0.02052745572128618
vedic_yam_right_ascension,45290.0,,,,-63.37787591079709,-74.2,-67.84,-63.34,-59.19,-53.34,5.366941643411132
vedic_yam_declination,45290.0,,,,-22.547859571649372,-23.62,-23.1,-22.61,-22.08,-21.16,0.6320608399900361
vedic_yam_nakshatra,47533,3,U Ashadha,32214,,,,,,,
vedic_rahu_full_degree,45290.0,,,,121.21577345992495,0.0,41.4,81.97,126.3675,359.99,114.8477999661546
vedic_rahu_padam,45290.0,,,,2.3991609626849195,1.0,1.0,2.0,3.0,4.0,1.119876249347604
vedic_rahu_speed_deg_per_day,45290.0,,,,-0.06000309119010821,-0.13,-0.06,-0.06,-0.06,-0.06,0.0004651650564474711
vedic_rahu_right_ascension,45290.0,,,,108.11522631927576,0.0,43.6,87.1,131.3325,359.99,92.99270702030462
vedic_rahu_declination,45290.0,,,,14.386968425701037,-7.46,9.97,17.03,21.54,23.43,8.654978222558547
vedic_rahu_nakshatra,47533,16,Pushya,5071,,,,,,,
vedic_ketu_full_degree,45290.0,,,,227.18088717156107,136.72,183.34,227.035,274.0875,321.13,50.84757237448239
vedic_ketu_padam,45290.0,,,,2.5213071318171782,1.0,1.0,3.0,3.0,4.0,1.1114448467319853
vedic_ketu_speed_deg_per_day,45290.0,,,,-0.06000309119010821,-0.13,-0.06,-0.06,-0.06,-0.06,0.0004651650564474711
vedic_ketu_right_ascension,45290.0,,,,251.3441951865754,162.42,205.56,249.64,300.3175,346.4,51.894493994473095
vedic_ketu_declination,45290.0,,,,-14.396968425701036,-23.44,-21.55,-17.04,-9.98,7.45,8.65497822255855
vedic_ketu_nakshatra,47533,16,U Ashadha,4033,,,,,,,
vedic_spashth_rahu_full_degree,45290.0,,,,119.44472223448886,0.15,40.1075,83.14500000000001,125.105,359.62,113.90215409011905
vedic_spashth_rahu_padam,45290.0,,,,2.3793331861338043,1.0,1.0,2.0,3.0,4.0,1.0789973930467627
vedic_spashth_rahu_speed_deg_per_day,45290.0,,,,-0.05916824906160299,-0.26,-0.1,-0.04,-0.01,0.03,0.06558607993410157
vedic_spashth_rahu_right_ascension,45290.0,,,,108.95157739015237,0.01,42.61,88.81,130.81,359.99,93.63218805561915
vedic_spashth_rahu_declination,45290.0,,,,14.31930911901082,-8.07,9.7,16.77,21.73,23.43,8.675236286586488
vedic_spashth_rahu_nakshatra,47533,16,Ashwini,4674,,,,,,,
vedic_spashth_ketu_full_degree,45290.0,,,,227.23010532126298,135.11,182.04,226.58,272.9475,320.03,51.09435794855999
vedic_spashth_ketu_padam,45290.0,,,,2.5288584676529036,1.0,1.0,3.0,4.0,4.0,1.1490979922645013
vedic_spashth_ketu_speed_deg_per_day,45290.0,,,,-0.05916824906160299,-0.26,-0.1,-0.04,-0.01,0.03,0.06558607993410157
vedic_spashth_ketu_right_ascension,45290.0,,,,251.40156635018772,160.92,204.33,249.16,299.1275,345.37,52.138729875434635
vedic_spashth_ketu_declination,45290.0,,,,-14.32930911901082,-23.44,-21.74,-16.78,-9.71,8.06,8.675236286586488
vedic_spashth_ketu_nakshatra,47533,16,Shravana,4411,,,,,,,
cone_point_count,455.0,,,,45.604395604395606,23.0,27.0,28.0,47.0,127.0,32.693301500689074
cone_area_deg2,455.0,,,,138.5039389010989,0.897,2.583,3.5826,107.6572,1528.7511,283.2652044845035
cone_lon_min,455.0,,,,5.3286879692307645,-179.998258,-59.539809,57.262412,70.261536,132.965148,109.27304824338098
cone_lon_max,455.0,,,,89.23055485714285,-26.823535,60.686662,72.692561,135.157154,179.981588,62.63190283805467
cone_lat_min,455.0,,,,-1.4287297824175806,-35.133108,-33.399662,-25.133759,33.166689,42.369224,32.64856759271542
cone_lat_max,455.0,,,,4.144203215384615,-34.066689,-29.969224,-17.469224,46.132771,52.365069,34.84921485288343
cone_lon_spread,455.0,,,,83.90187252747253,2.0459,2.431,3.4243,32.7163,359.9798,145.5816377483862
cone_lat_spread,455.0,,,,5.57290901098901,1.0664,3.4304,3.7635,4.9304,19.1984,5.3331736999810655
samvatsara,47533,11,Vilambi,6110,,,,,,,
hour_utc,47533.0,,,,10.479624681800013,0.0,6.0,12.0,18.0,23.0,6.875568900753075
day_of_week,47533.0,,,,3.0088149285759367,0.0,1.0,3.0,5.0,6.0,2.001794335967999
day_of_year,47533.0,,,,206.9231902046999,1.0,137.0,233.0,278.0,366.0,98.43200154439936
month,47533.0,,,,7.307723055561399,1.0,5.0,8.0,10.0,12.0,3.2250959840629405
dinamana_minutes,45553.0,,,,739.8126398554066,475.6,703.4333333333333,736.55,774.6166666666667,1015.4333333333333,51.86707823919222
ratrimana_minutes,45553.0,,,,700.4531432251077,425.6333333333333,665.7333333333333,703.4833333333333,736.8666666666667,966.05,51.85032006155369
wind_change,46589.0,,,,-0.020863293910579752,-55.0,-2.0,0.0,2.0,70.0,3.5784386012629135
pressure_change,46507.0,,,,-0.03820930182553164,-36.0,-1.0,0.0,1.0,29.0,2.600341298614143
lon_change,46589.0,,,,-0.14973126703728348,-359.9,-0.5,-0.20000000000000284,0.09999999999999432,360.31,5.012778343060235
lat_change,46589.0,,,,0.10251604455987465,-4.399999999999999,-0.09999999999999964,0.09999999999999964,0.3000000000000007,4.100000000000001,0.350611446587845
displacement,46589.0,,,,0.6039342328434798,0.0,0.30000000000001137,0.4517742799230535,0.6708203932499369,360.310019982792,4.991899479665493
hours_elapsed,46589.0,,,,3.0146386486080403,0.08333333333333333,3.0,3.0,3.0,84.0,0.7809744784854553
movement_speed,46589.0,,,,0.19512809857908545,0.0,0.10268614533832765,0.15691469727919746,0.22360679774997896,120.103339994264,1.4005015563108014
