storm_id,storm_name,storm_type,n_tracks,max_wind,min_pressure,mean_wind,std_wind,total_displacement,max_displacement,lat_range,lon_range,duration_hours
01b-2022,01B,Cyclone,31,35,1002.0,27.77,4.88,10.88,0.71,5.1,4.6,90.0
01b-2025,01B,Cyclone,11,35,994.0,35.0,0.0,4.45,0.73,3.6,1.8,30.0
01e-2018,01E,Tropical Depression,25,30,1007.0,25.16,3.93,5.84,0.5,1.4,5.0,72.0
01e-2020,01E,Tropical Depression,19,30,1006.0,27.53,2.5,7.24,0.51,3.3,6.3,54.0
01l-2023,01L,Subtropical Storm,28,60,976.0,46.46,7.26,22.93,1.61,15.0,11.3,78.0
01s-2019,01S,Tropical Storm,41,45,1002.0,31.41,7.08,22.83,0.94,4.3,21.0,120.0
01s-2023,01S,Cyclone,35,45,995.0,34.43,6.21,10.56,0.58,5.23,4.8,102.0
01s-2026,01S,Tropical Storm,23,35,1002.0,33.04,2.8,10.94,0.9,4.4,8.3,66.0
01w-2017,01W,Tropical Depression,65,30,1000.0,20.97,3.75,23.36,0.72,3.4,19.6,192.0
01w-2019,01W,Tropical Depression,149,30,1002.0,17.34,3.28,61.39,1.1,11.0,49.1,444.0
01w-2022,01W,Tropical Storm,17,35,1002.0,24.76,7.23,7.0,0.67,3.5,5.6,48.0
02w-2017,02W,Tropical Depression,19,25,1004.0,22.68,3.13,8.75,0.86,6.4,5.3,54.0
03a-2022,03A,Cyclone,18,40,986.0,31.56,6.55,7.54,0.81,2.0,3.2,51.0
03b-2018,03B,Cyclone,15,45,989.0,33.67,6.56,6.53,0.99,4.4,4.8,42.0
03b-2023,03B,Cyclone,15,45,982.0,35.67,5.81,2.87,0.5,2.3,0.7,42.0
03l-2019,03L,Tropical Depression,9,30,1013.0,27.0,2.45,5.22,0.92,4.0,2.6,24.0
03s-2017,03S,Cyclone,63,50,985.0,27.65,9.2,38.25,0.98,6.9,36.3,186.0
03s-2021,03S,Cyclone,53,45,992.0,32.92,6.22,27.95,2.06,17.1,18.5,156.0
03w-2019,03W,Tropical Storm,37,35,1001.0,26.03,5.1,22.31,0.92,1.6,22.1,108.0
03w-2021,03W (Crising),Tropical Storm,27,35,1000.0,25.63,5.18,13.56,0.95,3.4,12.8,78.0
03w-2024,03W,Tropical Depression,11,25,997.0,22.82,3.54,6.63,0.95,3.3,5.7,30.0
03w-2025,03W,Tropical Depression,15,25,1002.0,23.0,3.68,9.62,1.36,6.9,6.0,54.0
04b-2017,04B,Cyclone,17,45,989.0,32.53,7.83,6.28,0.71,5.3,2.4,48.0
04b-2021,04B,Cyclone,11,40,994.0,30.55,4.52,5.41,0.9,2.2,4.6,30.0
04b-2022,04B,Cyclone,23,45,990.0,34.61,5.22,11.46,0.89,4.9,10.3,66.0
04b-2023,04B,Cyclone,23,40,981.0,30.91,5.78,10.36,1.08,4.7,5.9,66.0
04e-2019,04E,Tropical Depression,23,30,1006.0,26.61,4.32,13.48,0.73,4.5,12.5,66.0
04e-2020,04E,Tropical Depression,13,25,1006.0,23.69,2.18,1.77,0.28,1.4,0.8,36.0
04e-2023,04E,Tropical Depression,21,30,1006.0,28.71,2.17,12.34,0.82,3.9,11.4,60.0
04l-2017,04L,Tropical Depression,15,25,1009.0,25.0,0.0,13.07,1.04,3.4,12.6,42.0
04l-2022,04L,Disturbance,26,30,1009.0,24.77,4.84,12.69,0.78,8.5,9.1,78.0
04p-2021,04P,Cyclone,25,40,997.0,31.84,5.49,13.71,1.02,3.77,11.8,72.0
04s-2023,04S,Cyclone,41,40,994.0,30.98,4.8,21.14,1.04,7.4,17.0,120.0
04w-2018,04W,Tropical Storm,33,35,1004.0,28.48,4.76,11.91,0.57,6.6,7.7,96.0
04w-2019,04W,Tropical Storm,27,35,998.0,24.56,5.94,15.8,1.17,10.0,11.8,78.0
05s-2025,05S (Tropical Low 07U),Cyclone,33,35,1001.0,29.06,4.41,13.37,0.92,6.0,6.7,96.0
06e-2020,06E,Tropical Depression,11,30,1007.0,27.55,2.5,7.14,0.8,1.5,6.9,30.0
06p-2025,06P,Cyclone,12,51,997.0,34.67,8.93,365.07,359.0,0.6,359.0,42.0
06p-2026,06P,Cyclone,11,39,999.0,37.18,1.89,7.26,0.86,6.3,3.2,30.0
06w-2020,06W,Tropical Storm,33,45,1000.0,29.0,6.09,17.84,0.8,2.1,17.4,96.0
07a-2019,07A,Cyclone,27,45,996.0,31.0,9.51,9.22,0.58,3.7,7.2,78.0
07a-2022,07A,Cyclone,49,50,994.0,33.08,8.57,19.39,0.67,2.6,17.7,144.0
07e-2020,07E,Tropical Storm,15,35,1006.0,32.27,3.22,7.28,0.64,2.3,6.6,42.0
07w-2018,07W,Subtropical Storm,11,35,993.0,31.64,2.34,8.64,1.22,5.9,6.1,30.0
07w-2025,07W,Tropical Depression,11,29,992.0,27.73,1.85,7.73,1.04,2.0,7.2,30.0
08e-2017,08E,Tropical Depression,31,30,1007.0,27.29,2.45,9.57,0.5,2.0,8.6,90.0
08l-2024,08L,,17,50,1004.0,40.71,6.46,4.98,0.5,3.5,3.1,48.0
08p-2017,08P,Cyclone,15,45,989.0,36.33,6.56,19.87,1.7,9.9,17.2,42.0
08p-2026,08P,Cyclone,25,39,997.0,33.8,5.09,9.51,0.85,5.3,5.0,102.0
08w-2022,08W,Tropical Depression,9,25,1001.0,22.33,3.77,4.56,0.81,1.6,4.2,24.0
08w-2025,08W,Tropical Storm,10,39,1000.0,31.4,6.26,15.95,3.34,15.8,1.8,42.0
09e-2018,09E,Tropical Depression,9,30,1007.0,29.22,1.72,4.13,0.61,0.3,4.1,24.0
09p-2022,09P,Cyclone,41,45,994.0,29.78,7.61,17.54,0.99,5.8,14.8,120.0
09s-2020,09S,Tropical Storm,37,40,999.0,31.11,4.37,21.9,0.98,18.9,9.9,108.0
09s-2024,09S,Tropical Storm,21,35,996.0,34.57,1.43,8.16,1.05,3.43,4.5,60.0
10e-2020,10E,Tropical Depression,37,30,1004.0,28.0,3.25,9.04,0.45,1.9,7.4,108.0
10l-2017,10L,Disturbance,17,40,1004.0,34.47,2.6,7.23,1.48,4.7,5.2,48.0
10l-2020,10L,Tropical Depression,11,30,1008.0,26.91,3.51,6.37,0.73,3.9,4.7,30.0
10p-2023,10P,Cyclone,35,40,996.0,27.37,5.45,15.88,1.33,10.4,8.4,102.0
11e-2017,11E,Tropical Depression,31,30,1006.0,22.87,6.38,7.79,0.76,4.2,5.1,90.0
11e-2024,11E,Tropical Storm,17,35,1001.0,33.88,1.96,4.61,0.63,1.0,1.7,48.0
11l-2018,11L,Tropical Depression,9,30,1007.0,28.11,2.42,1.56,0.41,0.5,1.4,24.0
11l-2022,11L,Tropical Depression,15,30,1008.0,26.33,2.09,5.7,0.64,4.19,3.3,42.0
12e-2023,12E,Tropical Depression,25,30,1006.0,29.44,1.45,13.03,0.73,3.1,12.5,72.0
12l-2022,12L,Tropical Depression,21,30,1007.0,30.0,0.0,9.13,0.67,5.17,6.7,60.0
12p-2020,12P,Tropical Depression,33,35,1000.0,25.67,5.87,10.74,0.82,8.3,3.0,96.0
12p-2024,12P (Tropical Low 06U),Cyclone,42,39,995.0,30.24,7.2,19.46,1.97,3.5,14.0,132.0
12w-2020,12W,Tropical Depression,7,25,1004.0,19.86,3.29,2.8,0.61,1.9,1.7,18.0
13s-2021,13S,Cyclone,107,35,995.0,28.27,7.06,57.69,1.45,7.34,48.5,318.0
13w-2018,13W,Tropical Storm,25,35,995.0,27.6,5.02,16.96,1.0,12.0,7.5,72.0
13w-2022,13W (Gardo),Tropical Depression,15,30,995.0,26.4,2.13,6.74,0.92,4.4,3.9,42.0
13w-2023,13W,Tropical Depression,13,30,995.0,27.62,3.33,6.55,0.64,1.5,6.2,36.0
14e-2023,14E,Tropical Depression,33,30,1006.0,25.12,3.84,23.65,1.04,3.8,22.7,96.0
14e-2024,14E,Tropical Depression,23,30,1006.0,27.65,3.02,6.46,0.5,2.7,4.7,66.0
14p-2017,14P,Cyclone,63,40,993.0,30.52,4.31,20.47,0.73,9.3,5.7,186.0
14s-2021,14S,Cyclone,25,39,997.0,32.12,4.11,13.36,1.49,10.3,4.3,72.0
14w-2025,14W,Tropical Depression,9,25,1007.0,20.56,3.71,5.64,0.9,1.8,4.8,24.0
15l-2019,15L,Tropical Depression,25,30,1006.0,27.72,2.49,14.29,0.82,6.9,11.7,72.0
15p-2024,15P,Cyclone,11,45,994.0,38.55,2.73,11.56,1.72,6.4,9.5,30.0
15p-2025,15P,Cyclone,21,45,993.0,37.38,4.48,9.47,1.0,2.2,8.2,60.0
15w-2025,15W,Tropical Depression,8,25,990.0,25.0,0.0,5.35,1.1,4.9,1.1,24.0
16p-2025,16P (Tropical Low 19U),Cyclone,16,40,997.0,36.44,1.75,8.64,1.43,2.0,7.8,48.0
16p-2026,16P,Cyclone,12,40,994.0,30.42,7.22,386.55,355.8,12.4,355.8,108.0
16s-2022,16S,Cyclone,23,45,989.0,30.91,6.79,12.02,0.9,4.0,4.6,66.0
16w-2018,16W,Subtropical Storm,23,35,996.0,30.91,2.56,12.21,0.73,9.6,3.2,66.0
17e-2019,17E,Disturbance,5,30,1005.0,30.0,0.0,3.14,0.85,2.0,2.4,12.0
17s-2022,17S,Cyclone,23,35,999.0,27.26,4.15,4.59,0.57,1.13,3.3,66.0
17w-2023,17W,Tropical Depression,33,25,996.0,24.12,1.73,13.18,1.0,2.7,7.2,96.0
17w-2024,17W (Igme),Tropical Depression,21,30,983.0,27.33,2.85,11.89,1.06,5.2,9.4,60.0
17w-2025,17W,Tropical Depression,14,29,1000.0,24.5,2.71,10.99,1.63,8.3,5.4,66.0
18s-2021,18S,Cyclone,71,35,991.0,30.31,3.01,25.53,0.94,12.3,14.9,210.0
19e-2018,19E,Tropical Depression,7,30,1002.0,28.29,2.36,2.22,0.5,1.8,1.1,18.0
20p-2021,20P,Cyclone,31,45,990.0,34.23,6.23,2179.13,360.31,22.6,367.3,90.0
20w-2020,20W,Tropical Depression,25,30,1001.0,23.28,4.99,8.05,0.85,4.9,1.5,72.0
21e-2019,21E,Tropical Depression,19,30,1006.0,27.53,2.5,8.1,0.51,3.1,7.1,54.0
21l-2023,21L,Tropical Depression,10,25,1007.0,24.3,1.64,3.03,0.45,2.1,1.8,24.0
21s-2020,21S,Cyclone,37,40,999.0,30.92,5.17,18.13,0.71,15.8,3.3,108.0
22l-2023,22L,Disturbance,27,30,1004.0,28.3,2.91,12.88,0.92,8.32,4.52,78.0
22w-2017,22W,Tropical Depression,13,30,1000.0,28.31,3.12,8.48,0.91,3.1,7.7,36.0
23w-2017,23W,Tropical Depression,9,30,999.0,26.44,3.36,7.64,1.36,3.1,6.9,24.0
24w-2018,24W,Tropical Depression,23,30,997.0,24.87,3.51,6.46,0.81,2.8,3.7,66.0
25s-2024,25S,Tropical Storm,5,35,1002.0,33.2,2.68,1.49,0.49,0.4,1.4,12.0
25w-2022,25W (Obet),Tropical Depression,29,30,993.0,24.83,2.77,14.34,0.81,0.9,14.2,84.0
26s-2025,26S (Tropical Low 25U),Cyclone,25,45,995.0,36.48,7.17,11.62,4.94,2.7,7.1,144.0
26w-2017,26W,Tropical Depression,9,25,1002.0,22.0,2.45,3.68,0.61,1.3,3.4,24.0
28p-2021,28P,Cyclone,23,40,998.0,32.0,5.58,18.93,1.06,13.2,13.4,66.0
28w-2016,28W,Tropical Depression,9,25,1004.0,22.0,2.45,6.71,1.1,1.1,6.6,24.0
29w-2017,29W,Tropical Depression,29,25,1004.0,22.76,2.92,9.55,0.5,6.2,3.0,84.0
29w-2018,29W,Tropical Depression,15,30,1001.0,26.4,2.13,12.13,1.3,10.3,4.8,42.0
29w-2021,29W,Tropical Depression,13,30,1003.0,23.15,6.07,4.06,0.81,0.4,4.0,36.0
31s-2025,31S (Tropical Low 30U),Cyclone,35,35,998.0,29.94,2.03,11.8,0.67,2.7,8.4,102.0
32p-2025,32P (Tropical Low 33U),Cyclone,11,35,1003.0,32.55,3.78,2.0,0.42,1.2,1.2,30.0
34w-2025,34W,Tropical Depression,13,29,1003.0,26.62,3.25,5.78,0.57,2.9,4.1,36.0
35w-2018,35W,Tropical Depression,13,30,998.0,26.62,2.22,3.11,0.51,0.7,2.9,36.0
90p-2026,90P (Tropical Low 17U),Invest,1,25,1000.0,25.0,,0.0,,0.0,0.0,0.0
92w-2026,92W,Invest,5,15,1001.0,15.0,0.0,3.17,1.08,1.6,1.6,24.0
94p-2026,94P (Tropical Low 14U),Invest,5,35,987.0,31.0,2.24,12.37,3.58,10.7,5.3,24.0
96s-2026,96S (Tropical Low 15U),Invest,5,25,1000.0,22.0,2.74,1.21,0.5,0.4,0.6,24.0
97s-2026,97S (Tropical Low 16U),Invest,5,15,997.0,15.0,0.0,1.93,1.0,1.0,0.8,24.0
abela-2017,Abela,Tropical Storm,45,55,982.0,37.96,8.98,21.69,0.82,6.9,19.5,132.0
adrian-2017,Adrian,Tropical Storm,21,40,1004.0,28.95,6.9,5.83,0.58,3.6,4.4,60.0
adrian-2023,Adrian,Hurricane,59,90,970.0,50.32,25.28,19.22,0.5,5.0,17.9,174.0
aere-2016,Aere,Tropical Storm,75,55,985.0,32.07,10.41,27.26,0.85,5.4,20.5,222.0
aere-2022,Aere (Domeng),Tropical Storm,87,45,984.0,30.75,7.61,46.13,1.4,23.6,19.6,252.0
agatha-2022,Agatha,Hurricane,35,95,964.0,57.66,26.95,8.55,0.45,5.5,4.5,102.0
akara-2024,Akara,Tropical Storm,5,35,997.0,30.0,5.0,2.56,0.86,2.1,0.6,23.5
akoni-2019,Akoni,Tropical Storm,19,35,1004.0,29.68,4.22,10.64,0.8,2.1,10.3,54.0
alberto-2018,Alberto,Tropical Storm,49,55,990.0,35.2,8.19,30.93,1.43,27.3,4.6,144.0
alberto-2024,Alberto,Tropical Storm,11,45,992.0,38.73,6.86,7.03,1.3,0.9,6.7,30.0
alcide-2019,Alcide,Cyclone,85,99,963.0,45.88,24.92,28.22,1.14,6.73,20.9,252.0
aletta-2018,Aletta,Hurricane,81,120,943.0,45.95,30.44,19.24,0.5,2.9,14.2,240.0
aletta-2024,Aletta,Tropical Storm,21,35,1005.0,27.48,6.27,9.07,0.58,2.5,8.2,60.0
alex-2022,Alex,Tropical Storm,15,60,984.0,52.47,6.32,17.95,1.58,6.7,16.6,42.0
alfred-2017,Alfred,Cyclone,47,50,985.0,32.3,9.82,10.16,0.54,2.2,3.6,126.0
alfred-2025,Alfred,Severe Cyclone,115,115,943.0,63.05,21.29,31.52,0.63,14.5,9.2,348.0
alicia-2021,Alicia,Tropical Storm,67,64,983.0,36.54,15.69,33.31,1.0,18.5,23.9,198.0
alpha-2020,Alpha,Subtropical Storm,38,60,992.0,43.5,7.27,22.99,1.32,10.7,14.9,108.0
alvaro-2024,Alvaro,Tropical Storm,29,60,989.0,40.0,8.0,19.3,1.13,8.4,16.5,84.0
alvin-2019,Alvin,Hurricane,37,65,992.0,40.35,13.35,19.61,0.73,6.9,17.2,108.0
alvin-2025,Alvin,Tropical Storm,24,50,999.0,38.54,7.59,10.93,0.64,9.2,5.1,69.0
amanda-2020,Amanda,Tropical Storm,11,35,1003.0,30.27,4.76,3.91,0.69,3.75,0.87,27.0
ambali-2020,Ambali,Cyclone,37,134,929.0,61.08,33.1,13.07,0.77,10.7,3.4,108.0
amphan-2020,Amphan,Cyclone,47,145,901.0,82.89,36.88,17.58,0.85,15.9,4.0,138.0
ampil-2018,Ampil (Inday),Tropical Storm,50,55,982.0,39.84,8.83,29.9,1.22,22.1,14.5,144.0
ampil-2024,Ampil,Typhoon,57,110,939.0,68.54,23.67,38.56,1.97,21.8,26.8,168.0
ana-2021,Ana,Cyclone,47,65,976.0,43.55,12.74,28.77,2.04,14.8,17.7,138.0
ana-2022,Ana,Tropical Storm,43,51,993.0,31.74,7.7,29.86,1.3,4.0,27.0,126.0
ancha-2025,Ancha,Tropical Storm,32,51,954.0,34.31,11.01,18.01,3.98,8.5,14.1,132.0
andrea-2019,Andrea,Subtropical Storm,13,35,1006.0,31.62,3.28,5.18,0.58,3.5,2.4,36.0
andrea-2025,Andrea,Tropical Storm,9,35,1014.0,32.22,2.64,8.39,1.46,3.4,7.6,24.0
andres-2021,Andres,Tropical Storm,27,35,1005.0,27.67,6.58,7.6,0.51,2.5,6.5,78.0
anggrek-2024,Anggrek,Cyclone,129,115,944.0,69.48,24.35,55.63,2.62,24.8,23.5,384.0
anika-2022,Anika,Cyclone,63,54,984.0,32.81,7.83,19.0,0.81,10.5,8.3,186.0
ann-2019,Ann,Cyclone,57,58,990.0,33.14,12.27,32.5,1.02,8.6,29.8,168.0
apollo-2021,Apollo (Nearchus),Tropical Storm,37,60,995.0,36.22,7.49,36.21,3.26,5.4,21.3,216.0
arlene-2017,Arlene,Tropical Storm,53,55,986.0,39.49,7.85,38.28,1.75,9.1,12.0,156.0
arlene-2023,Arlene,Tropical Storm,23,35,998.0,30.17,4.11,7.07,0.61,4.7,3.5,66.0
arthur-2020,Arthur,Tropical Storm,35,55,989.0,43.97,6.72,21.14,1.02,9.0,13.7,102.0
asani-2022,Asani,Cyclone,55,65,976.0,43.18,16.12,22.49,1.12,7.9,12.8,162.0
ashley-2023,Ashley,Tropical Storm,35,48,998.0,30.03,7.47,17.5,0.85,7.6,14.4,102.0
asna-2024,Asna,Cyclone,55,40,987.0,31.84,7.31,13.3,0.51,4.3,10.2,162.0
atsani-2020,Atsani (Siony),Tropical Storm,73,50,993.0,36.1,9.18,38.76,1.47,14.5,29.8,216.0
ava-2018,Ava,Cyclone,83,95,958.0,42.04,15.6,36.24,1.14,19.0,18.1,246.0
awo-2026,Awo,Tropical Storm,13,35,1001.0,32.92,3.57,3.79,0.54,1.9,2.5,36.0
bailu-2019,Bailu (Ineng),Tropical Storm,39,60,979.0,40.33,11.38,22.84,0.86,10.2,19.4,114.0
bailu-2021,Bailu,Tropical Storm,39,35,995.0,24.03,4.23,30.01,1.43,11.5,24.0,114.0
bailu-2025,Bailu,Tropical Storm,36,35,982.0,30.0,3.81,38.17,2.82,16.4,32.4,114.0
bakung-2026,Bakung,Severe Cyclone,48,80,973.0,49.81,14.46,17.46,1.41,4.7,8.5,156.0
balita-2023,Balita,Tropical Storm,45,40,998.0,31.44,5.14,14.09,0.9,8.4,4.5,132.0
banyan-2017,Banyan,Typhoon,53,110,941.0,69.85,20.44,36.75,2.0,26.7,14.1,156.0
banyan-2022,Banyan (Queenie),Tropical Storm,25,40,1001.0,26.88,5.75,10.41,0.76,2.0,9.8,72.0
barbara-2019,Barbara,Hurricane,65,135,930.0,70.98,35.43,44.53,1.02,8.3,42.5,192.0
barbara-2025,Barbara,Hurricane,24,65,991.0,50.0,11.98,9.75,0.58,6.2,6.4,69.0
barijat-2018,Barijat,Tropical Storm,35,45,996.0,35.54,8.79,16.19,0.73,1.3,15.8,102.0
barijat-2024,Barijat,Tropical Storm,45,45,988.0,31.38,6.59,27.36,1.27,24.0,7.2,132.0
barry-2019,Barry,Hurricane,43,65,993.0,39.65,15.13,13.39,0.54,9.5,6.0,126.0
barry-2025,Barry,Tropical Storm,14,40,1006.0,30.0,6.2,6.74,0.81,3.8,5.3,39.0
bart-2017,Bart,Cyclone,19,40,993.0,35.0,4.41,20.78,1.61,11.2,17.1,54.0
batsirai-2022,Batsirai,Cyclone,119,124,932.0,70.83,31.47,64.57,1.21,20.9,48.91,354.0
bavi-2020,Bavi (Igme),Typhoon,49,100,942.0,67.1,24.18,24.81,1.43,22.0,3.8,144.0
beatriz-2017,Beatriz,Tropical Storm,15,40,1001.0,34.27,5.2,3.01,0.36,2.5,1.6,42.0
beatriz-2023,Beatriz,Hurricane,19,75,992.0,53.0,14.16,10.42,0.71,6.2,8.3,54.0
bebinca-2018,Bebinca,Tropical Storm,51,60,979.0,40.06,10.54,17.63,1.04,2.3,13.8,150.0
bebinca-2024,Bebinca (Ferdie),Typhoon,61,80,959.0,48.08,15.76,39.9,1.08,22.5,30.7,180.0
belal-2024,Belal,Cyclone,57,89,968.0,55.6,17.08,23.91,0.95,11.0,12.33,168.0
belna-2020,Belna,Cyclone,55,99,959.0,64.64,21.35,19.37,0.58,14.8,7.1,162.0
berguitta-2018,Berguitta,Cyclone,83,105,950.0,56.71,18.94,36.78,1.02,20.3,19.9,246.0
bertha-2020,Bertha,Tropical Storm,12,45,1005.0,31.58,10.3,9.0,1.43,8.4,2.3,30.0
beryl-2018,Beryl,Hurricane,103,70,991.0,36.85,12.32,74.58,1.48,35.5,38.9,306.0
beryl-2024,Beryl,Hurricane,109,145,932.0,73.93,38.75,86.23,1.89,34.2,56.4,312.0
beta-2020,Beta,Tropical Storm,64,55,993.0,36.31,11.58,23.46,0.85,12.6,10.3,186.0
bheki-2025,Bheki,Cyclone,77,115,947.0,59.82,27.06,32.36,1.14,13.6,25.6,246.0
bianca-2025,Bianca,Severe Cyclone,29,99,958.0,66.59,23.5,13.44,0.76,10.0,5.2,84.0
bill-2021,Bill,Tropical Storm,15,55,992.0,40.13,9.32,20.27,2.1,9.3,18.0,42.0
billy-2022,Billy,Cyclone,39,60,988.0,42.13,11.24,20.75,1.0,12.0,13.5,114.0
bina-2021,Bina,Cyclone,25,45,991.0,32.28,8.06,19.21,1.98,5.57,16.6,72.0
biparjoy-2023,Biparjoy,Cyclone,97,110,944.0,70.15,22.01,19.79,0.5,14.5,5.3,288.0
blake-2020,Blake,Cyclone,39,53,990.0,34.26,9.7,15.73,0.82,11.2,4.1,114.0
blanca-2021,Blanca,Tropical Storm,47,50,998.0,33.19,8.82,16.55,0.73,5.1,15.3,138.0
blanche-2017,Blanche,Cyclone,34,55,982.0,36.41,11.87,10.08,0.58,7.5,6.1,72.0
blas-2021,Blas,Subtropical Storm,17,45,1004.0,34.71,4.5,15.04,2.05,4.8,8.7,96.0
blas-2022,Blas,Hurricane,71,75,978.0,46.18,19.33,17.68,0.73,6.0,14.8,210.0
blossom-2026,Blossom,Tropical Storm,37,35,1004.0,31.51,4.51,18.33,1.75,3.5,16.3,126.0
bolaven-2018,Bolaven,Tropical Storm,23,35,1001.0,29.57,3.67,17.07,1.1,3.0,16.5,66.0
bolaven-2023,Bolaven,Typhoon,63,165,897.0,85.81,43.65,51.61,2.78,33.3,25.4,186.0
bongoyo-2021,Bongoyo,Tropical Storm,99,54,992.0,30.57,10.77,39.91,0.92,15.7,19.8,294.0
bonnie-2022,Bonnie,Hurricane,79,100,964.0,62.04,22.9,59.63,1.1,8.7,58.4,234.0
boris-2020,Boris,Tropical Storm,51,35,1005.0,28.18,3.1,21.06,0.65,3.8,19.8,150.0
bouchra-2019,Bouchra,Tropical Storm,93,58,979.0,33.85,9.24,34.47,1.06,10.6,15.8,276.0
bret-2017,Bret,Tropical Storm,7,45,1007.0,42.86,2.67,3.98,0.85,1.4,3.7,15.0
bret-2023,Bret,Tropical Storm,54,60,996.0,42.43,11.2,42.78,1.08,3.85,42.3,156.0
bualoi-2019,Bualoi,Typhoon,55,140,922.0,85.33,30.2,37.02,1.2,25.8,16.1,162.0
bualoi-2025,Bualoi (Opong),Typhoon,44,80,970.0,58.36,13.68,32.83,2.68,10.0,30.6,138.0
bud-2018,Bud,Hurricane,52,120,943.0,63.77,29.68,18.62,0.64,14.3,9.7,150.0
bud-2024,Bud,Tropical Storm,35,50,1001.0,32.54,9.85,18.41,0.71,3.2,16.8,102.0
burevi-2020,Burevi,Cyclone,45,45,999.0,32.4,6.24,12.42,0.58,2.03,8.1,132.0
caleb-2017,Caleb,Cyclone,71,45,989.0,34.11,7.48,19.52,0.61,6.4,10.9,210.0
calvin-2017,Calvin,Tropical Storm,15,40,1004.0,32.07,3.37,2.79,0.3,2.2,1.4,42.0
calvin-2023,Calvin,Hurricane,69,110,953.0,60.78,22.63,54.12,1.1,6.2,53.5,204.0
calvinia-2020,Calvinia,Tropical Storm,129,70,973.0,31.13,16.37,74.13,2.24,30.3,30.6,384.0
candice-2024,Candice,Tropical Storm,25,51,982.0,40.28,9.4,14.24,0.94,11.0,4.0,72.0
carlos-2017,Carlos,Tropical Storm,81,70,970.0,46.98,11.06,33.65,1.08,18.5,14.6,240.0
carlos-2021,Carlos,Tropical Storm,37,45,1003.0,33.68,6.54,14.33,0.54,3.5,13.5,108.0
carlotta-2018,Carlotta,Tropical Storm,35,55,997.0,33.89,9.28,6.56,0.51,3.2,4.3,102.0
carlotta-2024,Carlotta,Hurricane,63,80,979.0,50.05,17.91,29.9,0.71,6.3,28.4,186.0
cebile-2018,Cebile,Cyclone,121,115,942.0,71.74,30.4,42.6,1.0,20.6,14.0,360.0
celia-2022,Celia,Tropical Storm,111,50,997.0,35.51,9.13,42.2,0.71,13.3,36.2,330.0
cempaka-2021,Cempaka,Typhoon,49,80,965.0,36.22,18.74,11.17,0.41,3.7,8.1,144.0
chaba-2016,Chaba,Typhoon,69,150,911.0,70.03,41.22,47.9,2.64,23.7,27.5,201.0
chaba-2022,Chaba (Caloy),Typhoon,45,75,967.0,44.44,19.0,14.87,0.61,12.0,5.3,120.0
chalane-2021,Chalane,Tropical Storm,69,60,990.0,34.83,9.22,36.65,1.3,5.61,34.7,204.0
champi-2021,Champi,Typhoon,63,65,987.0,40.3,12.78,36.52,1.83,27.5,11.2,186.0
chan-hom-2020,Chan-hom,Typhoon,69,80,963.0,48.09,20.06,26.21,0.71,10.1,11.6,204.0
chantal-2019,Chantal,Tropical Storm,49,35,1007.0,25.31,6.71,26.09,1.3,5.3,18.9,144.0
chantal-2025,Chantal,Tropical Storm,27,50,1002.0,30.85,8.16,11.65,1.03,8.7,4.5,78.0
chanthu-2021,Chanthu (Kiko),Typhoon,103,155,902.0,78.23,43.78,52.11,1.33,21.0,18.7,306.0
charlotte-2022,Charlotte,Severe Cyclone,65,89,967.0,45.14,21.29,31.81,1.19,19.02,12.0,192.0
cheneso-2023,Cheneso,Cyclone,134,80,967.0,40.42,17.74,72.94,1.8,27.3,39.4,399.0
chenge-2026,Chenge,Tropical Storm,66,60,978.0,44.44,10.73,32.89,1.87,4.3,28.1,204.0
chido-2025,Chido,Cyclone,52,134,929.0,89.25,33.96,31.36,1.73,6.2,29.4,168.0
choi-wan-2021,Choi-wan (Dante),Tropical Storm,63,45,996.0,32.25,6.6,49.11,2.29,28.3,20.5,186.0
chris-2018,Chris,Hurricane,89,90,969.0,44.84,19.55,77.18,3.14,32.0,63.9,264.0
chris-2024,Chris,Tropical Storm,7,40,1005.0,33.0,3.65,2.28,0.51,0.4,2.1,18.0
cilida-2019,Cilida,Cyclone,65,134,925.0,71.45,34.17,28.24,0.94,21.2,13.24,192.0
cimaron-2018,Cimaron,Typhoon,60,115,936.0,62.7,25.09,43.86,1.46,29.2,23.7,174.0
cimaron-2024,Cimaron,Tropical Storm,27,35,985.0,27.56,3.57,6.82,0.54,1.7,3.3,78.0
cindy-2017,Cindy,Tropical Storm,30,50,991.0,38.43,9.44,25.37,3.26,13.3,15.3,84.0
cindy-2023,Cindy,Tropical Storm,61,50,1004.0,33.34,9.69,39.49,0.99,17.4,34.0,180.0
claudette-2021,Claudette,Tropical Storm,34,40,1003.0,34.71,6.32,36.11,1.62,15.7,31.6,96.0
claudia-2020,Claudia,Severe Cyclone,101,84,971.0,35.52,20.56,48.05,1.07,13.9,41.8,300.0
cliff-2022,Cliff,Tropical Storm,39,45,992.0,33.46,5.91,16.9,0.98,8.7,10.2,114.0
co-may-2025,Co-may (Emong),Typhoon,88,70,974.0,33.89,13.27,53.99,4.03,22.3,13.2,288.0
cody-2022,Cody,Cyclone,67,55,980.0,42.96,8.04,25.05,1.03,13.6,10.0,198.0
colin-2022,Colin,Tropical Storm,14,35,1011.0,32.14,3.3,4.67,0.61,3.0,3.3,36.0
conson-2021,Conson (Jolina),Typhoon,65,65,980.0,43.55,11.78,23.95,0.91,6.1,21.6,192.0
cook-2017,Cook,Severe Cyclone,43,90,956.0,53.09,19.07,22.63,1.06,16.2,8.1,126.0
cosme-2019,Cosme,Tropical Storm,35,45,1001.0,28.29,8.43,11.21,0.57,7.1,7.6,102.0
cosme-2025,Cosme,Tropical Storm,26,60,992.0,46.15,10.8,7.58,0.54,4.1,4.7,75.0
courtney-2025,Courtney,Severe Cyclone,65,128,932.0,73.35,28.4,29.74,0.82,8.6,23.3,192.0
cristina-2020,Cristina,Tropical Storm,73,60,993.0,39.3,11.86,43.73,0.82,13.4,40.5,216.0
cristobal-2020,Cristobal,Tropical Storm,87,50,982.0,37.18,7.78,47.84,1.64,35.8,13.5,252.0
dahlia-2018,Dahlia,Cyclone,65,55,988.0,32.45,11.55,23.55,0.81,9.6,12.1,192.0
dalila-2019,Dalila,Tropical Storm,35,40,1004.0,28.23,6.56,11.18,0.51,7.8,6.8,102.0
dalila-2025,Dalila,Tropical Storm,28,55,993.0,40.89,10.0,12.47,0.73,7.5,9.1,81.0
damien-2020,Damien,Severe Cyclone,51,95,956.0,54.33,25.79,16.35,0.76,8.4,9.2,132.0
damrey-2017,Damrey (Ramil),Typhoon,27,90,967.0,56.52,21.39,14.11,0.8,1.0,13.7,78.0
damrey-2023,Damrey,Tropical Storm,59,60,979.0,39.75,13.07,47.39,2.2,24.8,12.4,174.0
dana-2024,Dana,Cyclone,31,65,985.0,44.9,14.63,8.63,0.5,6.0,5.2,90.0
danas-2019,Danas (Falcon),Tropical Storm,45,45,984.0,32.51,7.39,28.7,1.0,23.5,7.2,132.0
danas-2025,Danas (Bising),Typhoon,48,89,958.0,43.35,19.85,22.24,2.3,8.6,8.2,168.0
daniel-2018,Daniel,Tropical Storm,35,40,1004.0,28.51,7.17,14.07,0.61,6.3,9.8,102.0
daniel-2023,Daniel,Tropical Storm,31,50,996.0,36.13,8.14,26.24,1.91,8.2,12.2,180.0
daniel-2024,Daniel,Tropical Storm,25,35,1005.0,33.64,2.97,7.77,0.64,4.1,4.4,72.0
danielle-2022,Danielle,Hurricane,117,75,972.0,50.21,16.92,65.9,1.79,13.4,35.4,348.0
danilo-2021,Danilo,Tropical Storm,103,70,979.0,34.61,15.54,36.37,0.91,9.3,21.5,306.0
danny-2021,Danny,Tropical Storm,14,40,1009.0,32.5,5.14,10.44,1.14,3.1,9.9,36.0
darby-2022,Darby,Hurricane,61,120,953.0,73.66,29.23,46.03,1.1,3.9,45.5,180.0
darian-2023,Darian,Cyclone,137,134,922.0,70.26,36.04,53.75,0.92,26.1,26.4,408.0
daye-2018,Daye,Cyclone,15,35,995.0,31.6,3.09,9.41,1.14,4.0,8.2,42.0
debbie-2017,Debbie,Severe Cyclone,74,115,937.0,71.32,29.12,10.54,0.32,6.8,5.4,132.0
debby-2018,Debby,Tropical Storm,63,45,998.0,34.03,4.07,50.63,2.01,15.7,19.5,186.0
debby-2024,Debby,Hurricane,64,70,979.0,42.16,12.32,47.98,2.71,29.1,24.9,186.0
delta-2020,Delta,Hurricane,61,120,953.0,66.21,31.96,35.37,0.89,18.7,17.6,174.0
desmond-2019,Desmond,Tropical Storm,25,45,989.0,33.92,6.34,9.78,0.72,6.2,3.31,72.0
dexter-2025,Dexter,Tropical Storm,30,50,998.0,40.67,4.5,21.23,1.08,7.4,19.4,87.0
diane-2020,Diane,Tropical Storm,51,55,985.0,39.41,6.16,39.93,1.94,17.4,22.6,150.0
dianmu-2021,Dianmu,Tropical Storm,15,35,1001.0,26.87,5.8,8.75,0.91,3.1,8.0,42.0
dianne-2025,Dianne,Cyclone,9,45,991.0,40.67,3.74,2.97,0.41,2.9,0.5,24.0
dikeledi-2025,Dikeledi,Cyclone,60,99,950.0,66.75,15.01,53.97,2.04,22.4,22.2,192.0
dineo-2017,Dineo,Cyclone,38,85,959.0,48.84,17.39,11.19,0.6,3.4,8.6,111.0
dingani-2023,Dingani,Cyclone,129,80,976.0,38.44,16.61,66.91,1.6,21.0,32.3,384.0
ditwah-2025,Ditwah,Cyclone,54,35,1001.0,30.19,4.2,14.5,0.95,8.0,3.4,186.0
djoungou-2024,Djoungou,Cyclone,35,119,942.0,79.17,27.26,36.14,2.28,16.1,30.9,102.0
doksuri-2017,Doksuri (Maring),Typhoon,37,95,960.0,52.62,22.41,23.3,0.92,4.2,22.6,108.0
doksuri-2023,Doksuri (Egay),Typhoon,59,130,928.0,81.71,32.77,25.39,1.08,16.1,16.0,174.0
dolly-2020,Dolly,Tropical Storm,21,40,1000.0,32.14,4.89,13.12,1.0,6.0,11.3,60.0
dolores-2021,Dolores,Tropical Storm,17,60,989.0,41.29,11.72,9.59,1.0,8.6,3.0,48.0
dolphin-2020,Dolphin (Marce),Tropical Storm,33,55,983.0,45.52,7.14,13.81,0.98,8.8,8.6,96.0
don-2017,Don,Tropical Storm,11,45,1005.0,38.18,4.62,8.09,0.91,1.0,8.0,30.0
don-2023,Don,Hurricane,95,65,986.0,40.42,8.55,62.55,2.52,17.9,25.6,282.0
donna-2017,Donna,Severe Cyclone,69,125,929.0,74.83,26.33,23.6,0.95,13.3,7.2,204.0
dora-2017,Dora,Hurricane,51,90,974.0,40.69,23.99,22.13,0.67,7.8,19.1,150.0
dora-2023,Dora,Hurricane,131,130,939.0,82.94,37.01,99.74,1.1,17.5,88.6,390.0
dorian-2019,Dorian,Hurricane,133,160,910.0,84.39,34.81,76.26,1.63,41.3,33.3,378.0
douglas-2020,Douglas,Hurricane,81,115,954.0,67.52,26.81,62.41,1.2,13.4,59.3,240.0
dovi-2022,Dovi,Severe Cyclone,45,90,959.0,48.11,20.82,26.41,1.72,17.5,6.5,132.0
dudzai-2026,Dudzai,Tropical Storm,80,124,940.0,73.7,28.11,40.67,5.22,20.9,21.4,306.0
dujuan-2021,Dujuan (Auring),Tropical Storm,51,45,991.0,30.08,7.53,23.02,1.22,7.7,15.2,150.0
dumako-2022,Dumako,Tropical Storm,39,51,995.0,36.26,7.94,20.44,1.01,4.5,18.4,114.0
dumazile-2018,Dumazile,Cyclone,53,110,941.0,64.75,22.35,26.8,1.17,20.8,10.2,156.0
earl-2022,Earl,Hurricane,103,95,948.0,55.9,20.0,54.79,1.98,27.7,29.8,306.0
edouard-2020,Edouard,Tropical Storm,41,40,1005.0,33.54,4.64,74.24,2.6,21.2,69.4,120.0
eleanor-2024,Eleanor,Tropical Storm,45,54,992.0,44.67,8.05,19.49,0.85,10.12,6.0,132.0
eliakim-2018,Eliakim,Tropical Storm,59,65,982.0,46.78,9.28,26.52,0.86,19.6,7.4,174.0
elida-2020,Elida,Hurricane,43,90,971.0,51.65,21.73,24.29,0.81,12.5,19.9,126.0
ella-2017,Ella,Cyclone,65,70,970.0,45.94,15.36,20.73,1.04,5.3,16.0,192.0
ellie-2023,Ellie,Cyclone,134,43,988.0,24.99,5.06,34.76,0.81,10.2,8.5,396.0
eloise-2021,Eloise,Cyclone,95,90,968.0,38.78,18.23,57.04,1.15,11.0,53.6,282.0
elsa-2021,Elsa,Hurricane,80,75,991.0,51.42,9.5,75.37,2.58,37.5,40.8,228.0
elvis-2025,Elvis,Tropical Storm,20,45,989.0,39.55,3.02,13.86,1.57,9.2,9.4,60.0
ema-2019,Ema,Tropical Storm,33,45,1003.0,30.0,6.57,14.97,0.76,10.8,7.0,96.0
emilia-2018,Emilia,Tropical Storm,51,50,997.0,30.76,9.21,28.84,0.81,10.6,26.5,150.0
emilia-2024,Emilia,Tropical Storm,51,60,988.0,39.55,12.44,25.28,1.12,11.5,18.8,150.0
emily-2017,Emily,Tropical Storm,20,50,1001.0,35.05,6.79,8.99,0.71,3.2,7.3,54.0
emily-2023,Emily,Tropical Storm,47,45,998.0,34.28,4.5,23.35,0.72,16.3,13.0,138.0
emnati-2022,Emnati,Cyclone,77,115,941.0,66.03,24.94,40.65,1.17,16.6,32.1,228.0
enala-2023,Enala,Cyclone,81,74,984.0,41.83,13.08,39.8,1.12,19.64,24.7,240.0
enawo-2017,Enawo,Cyclone,63,130,926.0,67.43,30.38,28.17,1.39,17.0,12.8,186.0
enrique-2021,Enrique,Hurricane,45,80,972.0,56.11,18.55,14.3,0.51,9.2,8.8,132.0
epsilon-2020,Epsilon,Hurricane,59,100,952.0,66.95,16.87,53.9,3.51,26.9,33.6,174.0
erick-2019,Erick,Hurricane,93,115,952.0,49.4,28.9,58.51,0.92,9.8,57.1,276.0
erick-2025,Erick,Hurricane,28,125,939.0,60.71,31.2,12.11,0.71,7.4,9.3,81.0
erin-2019,Erin,Tropical Storm,27,35,1002.0,32.19,2.39,12.24,1.53,7.7,4.5,78.0
erin-2025,Erin,Hurricane,95,140,915.0,80.26,30.2,73.16,1.93,24.4,46.4,276.0
ernesto-2018,Ernesto,Subtropical Storm,33,40,999.0,36.94,2.78,46.76,2.73,17.6,41.4,96.0
ernesto-2024,Ernesto,Hurricane,71,85,967.0,64.65,15.95,58.39,2.89,34.1,27.4,198.0
ernie-2017,Ernie,Severe Cyclone,51,140,918.0,64.59,36.65,18.73,0.73,9.9,13.6,150.0
errol-2025,Errol,Severe Cyclone,55,138,919.0,59.18,32.27,18.19,0.82,5.6,9.5,162.0
esami-2020,Esami,Tropical Storm,31,45,991.0,35.06,6.32,22.47,1.32,9.5,18.7,90.0
estelle-2022,Estelle,Hurricane,69,75,985.0,45.99,18.77,34.68,0.76,12.0,31.9,204.0
esther-2020,Esther,Cyclone,65,51,992.0,32.49,6.02,23.36,0.69,4.9,15.8,192.0
eta-2020,Eta,Hurricane,110,130,922.0,54.18,26.54,60.56,1.71,22.1,18.6,318.0
etau-2020,Etau (Tonyo),Tropical Storm,21,45,995.0,32.62,10.59,12.33,1.22,0.6,12.1,60.0
eugene-2017,Eugene,Hurricane,55,100,966.0,50.76,24.49,22.82,0.5,15.3,16.5,162.0
eugene-2023,Eugene,Tropical Storm,39,60,992.0,32.33,15.92,22.01,1.04,9.9,16.6,114.0
eva-2022,Eva,Cyclone,57,45,987.0,29.6,5.39,22.01,0.87,7.3,10.6,168.0
ewetse-2026,Ewetse,Tropical Storm,9,55,996.0,33.33,11.73,11.21,2.31,3.5,9.3,66.0
ewiniar-2018,Ewiniar,Tropical Storm,49,40,996.0,29.43,5.16,13.68,0.61,11.0,2.2,144.0
ewiniar-2024,Ewiniar (Aghon),Typhoon,55,90,961.0,57.84,19.6,36.52,1.88,24.5,21.6,162.0
fabien-2023,Fabien,Cyclone,101,99,962.0,48.94,23.4,35.96,0.81,20.4,17.9,300.0
fabio-2018,Fabio,Hurricane,69,95,964.0,49.9,25.75,39.0,0.81,15.5,35.3,204.0
fabio-2024,Fabio,Tropical Storm,21,55,996.0,43.86,7.84,16.45,1.12,6.1,13.6,60.0
faida-2025,Faida,Tropical Storm,63,45,996.0,34.44,4.64,40.04,1.49,10.3,28.4,186.0
fakir-2018,Fakir,Cyclone,31,75,982.0,44.87,14.02,21.26,1.22,17.7,11.1,90.0
fani-2019,Fani,Cyclone,69,150,900.0,71.41,37.33,26.9,0.86,22.5,6.2,204.0
faraji-2021,Faraji,Cyclone,95,138,920.0,69.12,36.46,33.5,1.22,9.1,19.2,282.0
fausto-2020,Fausto,Tropical Storm,17,35,1004.0,26.88,5.34,11.49,0.92,5.3,9.0,48.0
faxai-2019,Faxai,Typhoon,79,115,940.0,56.67,28.14,61.08,1.75,27.0,32.5,228.0
fay-2020,Fay,Tropical Storm,18,50,998.0,38.22,9.72,10.17,1.0,10.0,1.1,48.0
fehi-2018,Fehi,Cyclone,39,55,970.0,43.38,5.89,30.9,2.11,27.5,9.9,114.0
felicia-2021,Felicia,Hurricane,69,125,945.0,71.36,36.64,38.58,0.82,3.0,37.6,204.0
fengal-2024,Fengal,Cyclone,87,45,991.0,28.37,8.07,28.65,1.02,9.9,19.0,258.0
fengshen-2019,Fengshen,Typhoon,59,115,946.0,57.71,32.13,50.59,1.7,13.0,24.3,174.0
fengshen-2025,Fengshen (Ramil),Tropical Storm,41,51,988.0,39.68,6.84,21.78,1.0,5.6,17.2,120.0
ferdinand-2020,Ferdinand,Severe Cyclone,57,93,962.0,56.02,23.47,12.11,0.51,4.6,8.3,168.0
fernand-2019,Fernand,Tropical Storm,14,45,1000.0,38.36,6.52,4.52,0.45,1.6,3.9,36.0
fernand-2025,Fernand,Tropical Storm,39,50,1000.0,40.9,4.98,25.9,1.43,14.6,18.8,111.0
fernanda-2017,Fernanda,Hurricane,91,125,948.0,72.79,32.76,41.9,0.63,9.2,39.5,270.0
fernanda-2023,Fernanda,Hurricane,97,115,949.0,45.28,28.48,57.39,0.81,4.2,56.3,288.0
fernando-2017,Fernando,Tropical Storm,80,45,989.0,33.17,6.29,44.49,1.14,21.6,26.4,234.0
fili-2022,Fili,Cyclone,43,60,988.0,43.98,8.3,17.78,0.92,10.6,8.0,126.0
filipo-2024,Filipo,Tropical Storm,31,60,990.0,43.06,7.82,21.1,2.15,13.6,9.3,90.0
fina-2026,Fina,Severe Cyclone,57,109,946.0,71.75,20.58,11.69,0.45,5.3,5.9,168.0
fiona-2022,Fiona,Hurricane,115,120,931.0,69.44,30.43,78.29,2.44,48.3,23.9,324.0
flamboyan-2018,Flamboyan,Tropical Storm,37,70,982.0,48.76,13.16,18.89,0.92,11.4,13.0,108.0
florence-2018,Florence,Hurricane,144,130,937.0,69.1,29.98,78.58,2.19,28.4,58.8,426.0
flossie-2019,Flossie,Hurricane,77,70,987.0,46.12,13.55,54.1,0.95,13.6,50.3,228.0
flossie-2025,Flossie,Hurricane,38,100,962.0,61.05,25.45,15.89,0.58,8.3,13.3,111.0
frances-2017,Frances,Severe Cyclone,35,80,963.0,48.09,17.67,11.69,0.63,5.3,9.7,102.0
francine-2024,Francine,Hurricane,38,90,972.0,48.58,23.99,17.5,0.85,12.7,6.5,108.0
francisco-2019,Francisco,Typhoon,56,80,966.0,45.09,15.76,41.88,1.17,23.6,25.2,162.0
francisco-2020,Francisco,Tropical Storm,99,45,994.0,28.3,6.56,38.22,0.86,8.5,23.7,294.0
francisco-2025,Francisco (Dante),Tropical Storm,39,39,987.0,30.26,7.02,20.57,1.25,9.0,12.9,132.0
frank-2022,Frank,Hurricane,73,80,976.0,49.32,17.19,35.5,0.64,18.8,27.3,216.0
franklin-2017,Franklin,Hurricane,31,75,981.0,49.97,12.32,16.82,0.85,4.3,15.6,84.0
franklin-2023,Franklin,Hurricane,166,130,926.0,58.58,25.75,107.74,1.84,35.1,55.4,492.0
fred-2021,Fred,Tropical Storm,77,55,991.0,32.51,9.34,47.62,1.17,25.4,19.8,222.0
freddy-2023,Freddy,Cyclone,301,138,924.0,66.15,36.8,127.48,1.05,13.01,87.7,900.0
funani-2019,Funani,Cyclone,47,120,940.0,68.0,31.75,28.67,1.66,20.1,14.8,138.0
fung-wong-2019,Fung-wong (Sarah),Typhoon,35,65,988.0,40.89,15.44,15.67,0.94,12.2,7.0,102.0
fung-wong-2025,Fung-wong (Uwan),Typhoon,78,115,943.0,56.08,26.52,51.69,2.14,18.2,25.2,240.0
gabekile-2020,Gabekile,Cyclone,45,90,969.0,45.36,20.67,13.32,0.67,9.8,1.6,132.0
gabrielle-2019,Gabrielle,Tropical Storm,63,55,995.0,44.37,5.53,53.8,2.06,30.9,23.0,186.0
gabrielle-2023,Gabrielle,Severe Cyclone,47,90,958.0,52.85,17.61,32.69,1.57,19.9,20.5,138.0
gabrielle-2025,Gabrielle,Hurricane,77,120,948.0,68.9,27.79,67.53,1.91,25.7,39.7,225.0
gaemi-2018,Gaemi (Ester),Subtropical Storm,25,45,990.0,36.44,4.36,15.9,1.28,7.5,13.6,72.0
gaemi-2024,Gaemi (Carina),Typhoon,55,125,919.0,62.8,28.55,21.5,0.78,13.4,12.7,162.0
gaja-2018,Gaja,Cyclone,69,80,963.0,39.84,14.51,27.23,0.91,4.0,24.0,204.0
gamane-2024,Gamane,Cyclone,29,89,970.0,44.83,21.16,7.89,0.83,3.0,3.21,84.0
gamma-2020,Gamma,Hurricane,36,65,978.0,42.67,10.93,10.72,0.45,5.7,4.6,102.0
garance-2025,Garance,Cyclone,43,105,953.0,67.84,24.2,25.56,1.75,17.2,11.0,132.0
gaston-2022,Gaston,Tropical Storm,59,55,994.0,43.68,10.2,39.51,1.17,8.6,17.1,174.0
gati-2020,Gati,Cyclone,31,100,967.0,43.58,23.38,16.84,1.02,1.52,15.4,90.0
gelena-2019,Gelena,Cyclone,85,119,933.0,61.91,27.23,47.1,1.46,19.1,38.24,252.0
genevieve-2020,Genevieve,Hurricane,47,115,950.0,66.6,26.09,26.97,0.94,15.7,20.9,138.0
georgette-2022,Georgette,Tropical Storm,73,50,998.0,35.85,7.65,27.45,0.63,6.8,19.3,216.0
gert-2017,Gert,Hurricane,49,95,962.0,56.0,20.0,49.91,2.25,26.5,35.8,144.0
gert-2023,Gert,Tropical Storm,131,50,998.0,29.32,8.05,47.97,1.5,24.0,12.4,390.0
gil-2019,Gil,Tropical Storm,23,35,1006.0,27.7,3.87,11.04,0.61,1.5,10.8,66.0
gil-2025,Gil,Hurricane,28,65,991.0,53.57,8.37,22.74,1.04,8.0,21.2,81.0
gilma-2018,Gilma,Tropical Storm,43,40,1005.0,29.95,4.29,28.82,0.82,3.1,28.4,126.0
gilma-2024,Gilma,Hurricane,95,115,950.0,71.44,29.47,43.96,0.73,6.3,42.9,282.0
gina-2022,Gina,Tropical Depression,49,35,1002.0,31.59,4.27,15.78,0.92,8.8,4.3,144.0
gita-2018,Gita,Severe Cyclone,99,125,929.0,76.82,27.9,66.73,1.89,24.5,29.8,294.0
gombe-2022,Gombe,Cyclone,61,99,959.0,41.18,20.93,22.35,0.61,1.87,20.7,180.0
goni-2020,Goni (Rolly),Typhoon,83,170,884.0,65.37,48.92,35.74,0.82,3.2,33.7,246.0
gonzalo-2020,Gonzalo,Tropical Storm,34,55,997.0,41.53,8.8,22.23,1.14,1.1,22.1,96.0
gordon-2018,Gordon,Tropical Storm,40,60,996.0,35.38,17.87,17.7,0.85,11.3,12.9,108.0
gordon-2024,Gordon,Tropical Storm,81,40,1004.0,28.35,6.25,35.7,0.91,11.1,21.2,240.0
grace-2021,Grace,Hurricane,73,105,967.0,50.05,21.58,53.66,1.22,5.8,52.8,204.0
grant-2026,Grant,Cyclone,155,119,944.0,52.14,26.92,64.34,1.32,5.9,59.3,462.0
greg-2017,Greg,Tropical Storm,79,50,1000.0,38.2,7.07,40.15,0.73,4.3,38.6,234.0
greg-2023,Greg,Tropical Storm,39,45,1000.0,38.03,5.95,24.06,1.02,1.2,23.8,114.0
gretel-2020,Gretel,Cyclone,27,60,971.0,46.52,9.08,29.75,1.78,15.1,25.1,78.0
guambe-2021,Guambe,Cyclone,59,90,960.0,47.97,18.15,27.6,2.56,15.5,15.8,174.0
guchol-2017,Guchol,Tropical Depression,27,30,1000.0,25.26,3.5,13.43,0.95,9.0,7.0,78.0
guchol-2023,Guchol (Chedeng),Typhoon,61,95,958.0,60.08,21.38,35.01,1.75,22.5,19.3,180.0
guillermo-2021,Guillermo,Tropical Storm,33,50,999.0,35.33,6.35,22.44,1.0,4.2,21.6,96.0
habana-2021,Habana,Cyclone,109,128,931.0,81.49,35.02,32.9,0.92,8.7,13.23,324.0
hagibis-2019,Hagibis,Typhoon,71,160,890.0,99.23,41.28,60.01,3.42,29.8,25.5,204.0
hagupit-2020,Hagupit (Dindo),Typhoon,43,75,971.0,38.37,18.14,28.67,1.84,20.8,9.2,126.0
haikui-2017,Haikui (Salome),Tropical Storm,47,45,989.0,26.49,9.5,20.08,0.76,5.7,18.0,138.0
haikui-2023,Haikui (Hanna),Typhoon,63,105,945.0,61.44,20.85,26.04,0.7,5.0,24.0,186.0
haima-2016,Haima (Lawin),Typhoon,59,145,914.0,85.88,37.22,38.74,1.0,19.5,29.2,174.0
haishen-2020,Haishen (Kristine),Typhoon,59,135,913.0,84.81,36.44,35.91,1.5,23.2,17.3,174.0
haitang-2017,Haitang (Huaning),Tropical Storm,25,40,992.0,35.6,6.01,13.78,1.03,9.0,4.8,72.0
haitang-2022,Haitang,Tropical Storm,49,40,987.0,30.14,6.74,35.23,2.09,22.0,17.0,174.0
hale-2023,Hale,Cyclone,29,45,985.0,32.83,8.23,30.02,2.35,8.3,27.5,84.0
haleh-2019,Haleh,Cyclone,67,115,937.0,64.18,25.57,33.45,1.06,28.8,11.3,198.0
halima-2022,Halima,Cyclone,95,119,938.0,51.64,25.29,30.55,1.28,9.8,11.7,282.0
halong-2019,Halong,Typhoon,65,165,888.0,78.43,41.13,36.71,1.3,20.1,19.7,192.0
halong-2025,Halong,Typhoon,48,119,935.0,77.6,29.42,36.25,3.3,9.8,25.3,144.0
hamoon-2023,Hamoon,Cyclone,31,90,970.0,45.06,20.65,11.95,1.3,8.1,6.7,90.0
hanna-2020,Hanna,Hurricane,37,80,973.0,46.65,19.25,15.55,0.92,3.1,14.4,102.0
harold-2020,Harold,Severe Cyclone,76,150,903.0,86.39,37.28,61.73,2.24,24.9,53.6,222.0
harold-2023,Harold,Tropical Storm,15,50,995.0,33.73,9.33,13.53,1.21,4.7,12.5,42.0
harvey-2017,Harvey,Hurricane,133,115,937.0,40.15,21.24,69.88,1.17,25.2,45.6,390.0
hato-2017,Hato (Isang),Typhoon,29,100,948.0,53.83,21.69,20.96,1.04,3.7,20.4,84.0
hayley-2026,Hayley,Severe Cyclone,20,89,964.0,57.95,21.53,11.42,3.3,3.8,8.9,84.0
hector-2018,Hector,Hurricane,131,135,936.0,80.81,36.41,85.47,1.14,21.3,79.3,390.0
hector-2024,Hector,Tropical Storm,33,50,998.0,41.94,5.53,15.32,0.61,1.7,14.9,96.0
helene-2018,Helene,Hurricane,83,95,967.0,61.98,17.66,68.8,2.18,36.4,27.4,246.0
helene-2024,Helene,Hurricane,37,120,939.0,62.89,28.71,26.17,1.61,18.9,5.0,102.0
henri-2021,Henri,Hurricane,75,65,986.0,46.24,15.39,36.6,1.21,12.8,11.7,216.0
henriette-2019,Henriette,Tropical Storm,25,40,1003.0,26.04,9.58,9.8,0.76,3.2,8.9,72.0
henriette-2025,Henriette,Hurricane,74,75,986.0,46.26,13.66,55.14,0.92,23.3,48.1,219.0
herman-2023,Herman,Severe Cyclone,53,130,930.0,61.06,36.47,17.84,0.8,8.6,9.8,156.0
hermine-2022,Hermine,Tropical Storm,21,35,1003.0,29.71,4.0,7.81,0.61,7.2,1.5,60.0
hernan-2020,Hernan,Tropical Storm,21,40,1001.0,34.86,3.68,9.18,1.03,5.9,3.8,60.0
herold-2020,Herold,Cyclone,65,99,963.0,55.28,21.67,34.65,1.17,17.3,25.83,192.0
hidaya-2024,Hidaya,Cyclone,25,80,974.0,54.24,14.81,7.17,0.6,1.4,6.5,72.0
higos-2020,Higos (Helen),Tropical Storm,31,60,988.0,46.9,11.84,9.94,0.82,4.1,8.8,48.0
higos-2021,Higos,Tropical Depression,9,30,1001.0,23.11,3.98,5.59,1.3,2.4,4.8,24.0
hikaa-2019,Hikaa,Cyclone,35,90,969.0,46.49,21.99,19.41,0.91,1.7,19.0,102.0
hilary-2017,Hilary,Hurricane,85,95,969.0,56.14,21.51,44.87,0.82,18.8,39.8,252.0
hilary-2023,Hilary,Hurricane,46,120,940.0,70.98,31.79,39.77,2.51,31.6,17.32,132.0
hilda-2018,Hilda,Cyclone,39,50,990.0,31.85,7.72,11.38,0.45,9.6,3.8,114.0
hilda-2021,Hilda,Hurricane,61,75,985.0,50.44,16.74,25.99,0.67,10.9,22.9,180.0
hinnamnor-2022,Hinnamnor (Henry),Typhoon,81,145,911.0,92.36,32.0,57.91,2.91,22.8,26.4,240.0
hola-2018,Hola,Severe Cyclone,55,105,950.0,60.55,25.56,25.81,1.36,16.1,10.6,162.0
honde-2025,Honde,Tropical Storm,73,70,967.0,54.62,9.3,26.66,1.06,17.0,15.9,222.0
hone-2024,Hone,Hurricane,83,75,988.0,44.04,11.72,43.54,2.21,10.7,39.5,246.0
howard-2022,Howard,Hurricane,53,75,983.0,42.49,16.98,26.72,0.71,10.2,23.5,156.0
humberto-2019,Humberto,Hurricane,55,110,950.0,73.11,24.6,30.75,1.3,16.3,20.6,162.0
humberto-2025,Humberto,Hurricane,56,140,924.0,91.61,35.02,30.47,2.26,17.2,15.5,165.0
ialy-2024,Ialy,Tropical Storm,44,60,989.0,48.89,8.73,15.17,1.84,6.3,10.7,144.0
ian-2022,Ian,Hurricane,76,140,937.0,66.76,34.29,37.83,1.2,23.6,15.6,210.0
ianos-2020,Ianos,Medicane,29,75,982.0,44.66,13.95,21.91,1.41,7.3,11.8,168.0
ida-2021,Ida,Hurricane,77,130,929.0,52.88,29.91,58.04,1.71,32.3,28.5,222.0
idai-2019,Idai,Cyclone,91,115,944.0,59.21,33.83,24.65,0.61,4.9,11.53,270.0
idalia-2023,Idalia,Hurricane,104,115,942.0,50.62,17.93,58.86,1.2,25.4,29.3,306.0
iggy-2026,Iggy,Cyclone,25,45,998.0,34.08,8.44,12.6,1.14,5.6,6.2,72.0
ignacio-2021,Ignacio,Tropical Storm,21,35,1004.0,30.19,3.68,7.89,0.67,3.4,5.2,60.0
ileana-2018,Ileana,Tropical Storm,21,55,998.0,42.76,11.01,13.42,1.14,6.7,11.5,60.0
ileana-2024,Ileana,Tropical Storm,37,45,997.0,32.73,9.39,12.31,0.58,10.3,4.6,108.0
ilsa-2023,Ilsa,Severe Cyclone,70,128,929.0,59.11,30.84,34.02,1.3,14.1,14.2,204.0
iman-2021,Iman,Tropical Storm,37,45,991.0,31.38,7.26,25.54,1.33,10.6,22.8,108.0
imelda-2019,Imelda,Tropical Storm,14,40,1003.0,31.64,4.31,3.4,0.5,2.8,0.9,36.0
imelda-2025,Imelda,Hurricane,55,85,966.0,52.64,20.02,62.47,10.03,29.2,46.8,234.0
imogen-2021,Imogen,Cyclone,17,45,995.0,33.65,6.15,6.65,0.76,2.8,5.4,48.0
in-fa-2021,In-fa (Fabian),Typhoon,109,95,951.0,48.82,24.56,33.07,0.67,19.6,17.9,324.0
iona-2025,Iona,Hurricane,63,110,957.0,49.98,26.45,47.18,1.21,12.1,44.0,186.0
iota-2020,Iota,Hurricane,42,135,917.0,70.69,36.83,16.26,0.61,1.9,15.3,120.0
irene-2023,Irene,Cyclone,29,51,992.0,36.41,8.58,28.21,2.0,12.1,22.9,84.0
iris-2018,Iris,Cyclone,144,55,987.0,31.66,8.44,42.14,1.02,9.4,14.3,390.0
irma-2017,Irma,Hurricane,123,155,914.0,98.85,42.41,73.02,0.85,20.7,63.2,348.0
irondro-2020,Irondro,Cyclone,45,105,950.0,58.16,25.2,34.6,1.92,17.0,26.81,132.0
irving-2018,Irving,Cyclone,47,95,962.0,62.43,18.57,47.6,3.11,28.9,25.9,138.0
irwin-2017,Irwin,Hurricane,99,80,979.0,46.74,15.11,30.12,0.67,14.3,19.9,294.0
irwin-2023,Irwin,Tropical Storm,59,40,998.0,29.29,5.48,25.93,0.9,4.2,23.5,174.0
isaac-2018,Isaac,Hurricane,61,65,995.0,47.16,12.51,34.94,0.91,1.9,34.1,180.0
isaac-2024,Isaac,Hurricane,71,90,963.0,54.08,15.71,44.76,1.17,15.0,37.8,210.0
isaias-2020,Isaias,Hurricane,92,80,986.0,48.16,18.24,80.44,1.89,36.16,54.0,264.0
iselle-2020,Iselle,Tropical Storm,41,50,997.0,36.17,10.02,10.61,0.45,9.5,3.9,120.0
ivette-2022,Ivette,Tropical Storm,75,35,1005.0,25.44,4.48,22.38,0.61,2.1,20.8,222.0
ivo-2019,Ivo,Tropical Storm,47,60,990.0,37.96,14.76,21.18,1.0,11.4,13.0,138.0
ivo-2025,Ivo,Tropical Storm,40,55,999.0,41.75,9.1,23.95,1.14,9.4,21.4,117.0
ivone-2025,Ivone,Tropical Storm,52,51,989.0,40.21,5.46,28.73,1.02,13.5,19.7,156.0
jangmi-2020,Jangmi (Enteng),Tropical Storm,21,40,990.0,34.38,3.96,26.89,2.44,23.5,9.8,60.0
jasmine-2022,Jasmine,Tropical Storm,81,60,984.0,35.44,11.22,39.17,1.3,16.0,14.1,240.0
jasper-2024,Jasper,Severe Cyclone,84,119,937.0,60.67,25.09,24.45,0.95,8.6,15.2,246.0
javier-2022,Javier,Tropical Storm,43,45,999.0,29.98,9.37,24.43,0.76,9.2,20.1,126.0
jawad-2021,Jawad,Cyclone,37,35,997.0,27.76,6.93,18.22,1.1,13.4,7.0,108.0
jebi-2018,Jebi,Typhoon,71,155,907.0,97.21,38.34,49.65,2.37,30.0,26.7,204.0
jebi-2024,Jebi,Typhoon,59,70,969.0,41.2,13.71,44.26,2.69,33.1,16.2,174.0
jelawat-2018,Jelawat (Caloy),Typhoon,69,130,926.0,51.67,27.82,29.16,0.73,13.8,15.1,204.0
jelawat-2023,Jelawat (Kabayan),Tropical Depression,14,30,1000.0,25.36,3.93,14.1,9.4,0.6,13.9,66.0
jenna-2026,Jenna,Severe Cyclone,39,89,968.0,53.0,18.63,17.85,0.85,8.9,12.1,114.0
jerry-2019,Jerry,Hurricane,87,90,976.0,47.03,17.57,45.86,0.85,22.5,25.6,258.0
jerry-2025,Jerry,Tropical Storm,36,55,999.0,48.19,4.95,29.72,1.24,16.3,19.9,105.0
jeruto-2020,Jeruto,Tropical Storm,33,40,1000.0,32.03,4.83,13.74,0.73,5.2,10.9,96.0
jimena-2021,Jimena,Tropical Storm,67,35,1004.0,28.22,3.77,22.21,0.51,7.9,17.3,198.0
joaninha-2019,Joaninha,Cyclone,85,115,937.0,75.22,30.02,20.98,0.51,13.9,8.52,252.0
jobo-2021,Jobo,Tropical Storm,49,55,994.0,39.98,9.98,23.84,0.91,3.5,22.8,144.0
john-2018,John,Hurricane,67,95,964.0,47.79,24.21,27.43,0.78,14.8,19.2,198.0
john-2024,John,Hurricane,45,105,956.0,52.89,20.96,9.2,0.76,4.5,4.8,126.0
jongdari-2018,Jongdari,Typhoon,96,90,950.0,43.5,20.89,59.16,1.43,17.4,27.4,276.0
jongdari-2024,Jongdari (Dindo),Tropical Storm,25,35,983.0,30.0,4.79,16.09,1.25,14.8,2.4,72.0
jose-2017,Jose,Hurricane,161,135,938.0,68.48,28.53,69.19,0.92,28.1,34.1,480.0
jose-2023,Jose,Tropical Storm,33,55,996.0,38.94,9.77,15.41,2.25,13.6,4.3,96.0
josephine-2020,Josephine,Tropical Storm,45,40,1004.0,33.49,4.0,30.68,0.92,9.2,28.6,132.0
joshua-2021,Joshua,Tropical Storm,51,50,993.0,33.69,7.9,20.42,0.76,7.9,16.6,150.0
josie-2018,Josie,Cyclone,41,50,994.0,33.66,8.53,13.21,0.72,6.7,9.9,120.0
jova-2017,Jova,Tropical Storm,45,35,1003.0,25.93,5.28,26.46,0.8,1.9,26.0,132.0
jova-2023,Jova,Hurricane,75,140,926.0,56.71,37.98,40.82,1.0,12.5,36.2,222.0
joyce-2018,Joyce,Cyclone,45,50,987.0,34.22,8.34,18.31,0.72,13.1,9.9,132.0
joyce-2024,Joyce,Tropical Storm,31,45,1001.0,37.16,6.02,11.11,0.64,5.7,8.1,90.0
jude-2025,Jude,Cyclone,61,80,975.0,44.59,14.78,40.4,2.11,13.8,20.8,204.0
judy-2023,Judy,Severe Cyclone,65,110,941.0,57.85,25.59,51.57,1.73,17.3,32.6,192.0
julia-2022,Julia,Hurricane,34,75,982.0,46.32,14.82,22.48,0.91,2.6,21.8,90.0
julian-2021,Julian,Tropical Storm,23,50,993.0,43.65,7.06,26.87,1.71,18.3,16.5,66.0
juliette-2019,Juliette,Hurricane,69,110,953.0,62.12,25.94,33.33,0.7,11.8,29.9,204.0
juliette-2025,Juliette,Tropical Storm,28,60,994.0,45.71,9.5,14.92,0.73,9.3,10.5,81.0
julio-2020,Julio,Tropical Storm,19,40,1004.0,34.79,3.98,15.55,1.12,4.7,14.7,54.0
kai-tak-2017,Kai-tak (Urduja),Tropical Storm,81,50,985.0,33.17,9.29,27.8,0.81,9.7,23.4,240.0
kajiki-2019,Kajiki,Tropical Storm,27,35,993.0,28.07,3.52,15.21,0.91,3.2,11.4,78.0
kajiki-2025,Kajiki (Isang),Typhoon,28,93,964.0,62.29,25.02,20.26,4.03,2.7,19.5,96.0
kalmaegi-2019,Kalmaegi (Ramon),Typhoon,75,90,963.0,38.72,21.07,25.92,0.81,9.6,17.0,222.0
kalmaegi-2025,Kalmaegi (Tino),Typhoon,47,115,948.0,68.81,24.56,35.31,1.53,5.6,33.7,150.0
kammuri-2019,Kammuri (Tisoy),Typhoon,83,120,938.0,60.95,24.61,43.07,1.14,4.8,38.0,246.0
karen-2019,Karen,Tropical Storm,47,40,1003.0,35.19,3.38,23.82,0.73,17.3,7.0,132.0
karen-2025,Karen,Subtropical Storm,24,45,996.0,43.25,2.38,12.96,0.92,9.3,6.7,69.0
karim-2022,Karim,Cyclone,41,60,982.0,49.15,10.48,18.83,0.9,12.4,9.3,120.0
karina-2020,Karina,Tropical Storm,45,50,996.0,37.69,8.54,17.35,0.63,7.8,14.8,132.0
karl-2022,Karl,Tropical Storm,35,50,997.0,36.26,8.4,9.58,0.4,4.1,2.3,102.0
kate-2021,Kate,Tropical Storm,37,40,1004.0,31.46,3.12,14.89,0.93,14.3,2.9,108.0
katia-2017,Katia,Hurricane,33,90,972.0,58.76,21.23,6.48,0.42,2.3,3.1,96.0
katia-2023,Katia,Tropical Storm,119,50,998.0,25.16,8.14,44.38,0.98,16.5,22.2,354.0
kay-2022,Kay,Hurricane,70,85,968.0,47.1,23.02,33.42,0.81,17.1,21.0,204.0
keli-2025,Keli,Tropical Storm,20,35,1006.0,34.0,2.05,13.58,1.02,1.9,13.4,57.0
kelvin-2018,Kelvin,Severe Cyclone,55,75,971.0,40.27,15.28,21.1,0.85,13.8,7.8,162.0
kenanga-2019,Kenanga,Cyclone,81,115,938.0,57.26,30.25,24.43,1.06,12.8,17.3,240.0
keni-2018,Keni,Severe Cyclone,41,90,968.0,49.44,20.23,33.71,2.51,19.8,21.0,120.0
kenneth-2017,Kenneth,Hurricane,77,115,951.0,49.29,27.45,32.04,0.81,15.1,22.1,228.0
kenneth-2019,Kenneth,Cyclone,41,125,934.0,60.85,32.31,15.73,0.71,4.7,13.7,120.0
kenneth-2023,Kenneth,Tropical Storm,45,45,1000.0,33.98,7.35,18.74,0.71,9.1,11.9,132.0
kevin-2021,Kevin,Tropical Storm,67,55,994.0,33.03,10.94,30.56,0.78,15.2,23.9,198.0
kevin-2023,Kevin,Severe Cyclone,53,135,918.0,67.79,32.82,49.3,1.86,24.7,40.2,156.0
khanun-2017,Khanun (Odette),Typhoon,33,90,956.0,52.24,18.85,17.24,0.85,3.9,15.3,96.0
khanun-2023,Khanun (Falcon),Typhoon,117,125,924.0,64.49,28.87,42.33,0.98,26.5,14.5,348.0
kiko-2019,Kiko,Hurricane,117,115,950.0,50.93,24.02,41.46,0.63,4.1,36.5,348.0
kiko-2025,Kiko,Hurricane,84,125,944.0,80.38,31.86,38.99,0.82,9.1,36.3,249.0
kimi-2021,Kimi,Cyclone,27,55,990.0,39.7,11.43,5.72,0.45,3.8,1.3,78.0
kirk-2018,Kirk,Tropical Storm,54,55,998.0,40.17,8.16,43.59,1.2,6.7,42.4,156.0
kirk-2024,Kirk,Hurricane,83,130,928.0,74.95,29.21,93.17,3.35,37.6,58.4,246.0
kirogi-2017,Kirogi,Tropical Storm,19,40,993.0,32.11,5.56,11.91,0.94,2.3,11.2,54.0
kirogi-2023,Kirogi,Typhoon,71,70,981.0,32.08,12.53,43.94,1.2,20.5,22.8,210.0
kirrily-2024,Kirrily,Cyclone,62,60,982.0,30.65,15.07,25.62,4.75,5.8,15.7,264.0
koguma-2021,Koguma,Tropical Storm,11,35,996.0,25.55,6.2,6.44,0.89,1.6,6.1,30.0
koinu-2023,Koinu (Jenny),Typhoon,101,120,936.0,78.99,27.86,26.64,0.9,6.8,23.0,252.0
koji-2026,Koji,Cyclone,11,45,987.0,38.36,5.57,5.0,0.71,4.8,1.0,36.0
kompasu-2021,Kompasu (Maring),Tropical Storm,45,60,979.0,41.82,12.99,28.62,1.38,3.9,27.4,132.0
kong-rey-2018,Kong-rey (Queenie),Typhoon,73,150,906.0,77.1,33.58,56.63,2.28,34.7,25.3,216.0
kong-rey-2024,Kong-rey (Leon),Typhoon,63,140,915.0,67.35,35.36,39.17,1.84,17.8,25.0,186.0
koto-2025,Koto (Verbena),Typhoon,67,80,975.0,44.13,15.31,19.93,0.91,5.1,13.1,198.0
krathon-2024,Krathon (Julian),Typhoon,53,135,922.0,83.36,35.67,11.59,0.5,4.2,7.1,156.0
kristy-2018,Kristy,Tropical Storm,51,60,991.0,42.1,11.27,17.42,0.54,8.4,10.8,150.0
kristy-2024,Kristy,Hurricane,61,140,926.0,75.57,39.89,39.48,1.0,9.2,34.1,180.0
krosa-2019,Krosa,Typhoon,88,100,945.0,59.58,19.14,32.71,1.04,24.0,12.6,258.0
krosa-2025,Krosa,Typhoon,93,80,962.0,48.95,11.53,58.04,3.96,30.4,28.4,282.0
krovanh-2020,Krovanh (Vicky),Tropical Depression,49,30,1002.0,23.57,2.78,23.53,1.0,3.6,21.4,144.0
krovanh-2021,Krovanh,Tropical Storm,14,35,1000.0,26.57,4.75,5.05,0.63,1.6,4.6,36.0
kujira-2020,Kujira,Typhoon,31,65,974.0,45.52,12.03,31.16,1.71,21.3,13.4,90.0
kulap-2017,Kulap,Tropical Storm,59,50,985.0,34.59,10.18,40.67,1.53,8.6,30.0,174.0
kulap-2022,Kulap,Typhoon,33,75,963.0,52.06,14.08,35.24,2.36,23.4,21.4,96.0
kyant-2016,Kyant,Cyclone,59,40,993.0,27.98,4.76,17.22,0.81,2.9,12.1,174.0
kyarr-2019,Kyarr,Cyclone,85,135,924.0,65.85,41.46,29.21,1.08,10.4,19.9,252.0
kyle-2020,Kyle,Tropical Storm,15,45,1000.0,39.27,4.03,14.77,1.33,3.3,14.3,42.0
lan-2017,Lan (Paolo),Typhoon,61,135,922.0,78.64,33.42,37.0,2.14,28.0,11.6,180.0
lan-2023,Lan,Typhoon,85,120,932.0,64.02,25.96,34.32,1.17,22.7,14.9,246.0
lane-2018,Lane,Hurricane,115,140,926.0,78.15,39.03,51.87,0.81,9.1,47.7,342.0
lane-2024,Lane,Tropical Storm,17,40,1004.0,32.82,5.11,4.08,0.4,0.2,4.0,48.0
larry-2021,Larry,Hurricane,90,110,953.0,82.89,21.2,77.54,2.62,43.8,41.7,264.0
laura-2020,Laura,Hurricane,79,130,937.0,52.99,27.76,64.19,1.75,23.9,46.1,222.0
lee-2017,Lee,Hurricane,125,100,962.0,50.66,25.94,75.73,3.27,35.4,34.2,372.0
lee-2023,Lee,Hurricane,108,145,926.0,81.2,27.22,77.24,3.5,40.8,28.7,318.0
leepi-2018,Leepi,Typhoon,44,65,982.0,45.98,11.98,26.04,1.13,19.4,15.8,126.0
leepi-2024,Leepi,Tropical Storm,35,40,977.0,32.71,4.08,23.56,1.36,17.3,11.5,102.0
lekima-2019,Lekima (Hanna),Typhoon,67,135,904.0,69.99,34.69,28.55,1.45,22.9,12.0,198.0
leslie-2018,Leslie,Hurricane,177,80,968.0,52.84,13.16,108.02,2.28,13.5,50.7,528.0
leslie-2024,Leslie,Hurricane,83,90,970.0,61.13,16.31,39.54,1.49,22.6,23.5,246.0
lester-2022,Lester,Tropical Storm,17,35,1005.0,32.71,3.0,6.54,1.72,3.9,3.67,48.0
lidia-2017,Lidia,Tropical Storm,31,55,986.0,41.97,8.97,13.31,0.72,10.1,8.2,90.0
lidia-2023,Lidia,Hurricane,69,120,942.0,56.26,18.11,25.68,2.19,13.3,12.3,204.0
lili-2019,Lili,Cyclone,35,45,999.0,32.4,6.58,7.66,0.61,4.0,2.4,102.0
lincoln-2024,Lincoln,Cyclone,46,39,990.0,31.09,4.54,30.94,8.63,7.68,24.36,210.0
linda-2018,Linda,Cyclone,33,55,989.0,37.85,9.79,14.33,0.73,12.4,3.9,90.0
linda-2021,Linda,Hurricane,113,115,953.0,65.2,27.12,60.61,0.9,8.3,58.1,336.0
linfa-2020,Linfa,Tropical Storm,19,40,999.0,31.58,5.69,9.64,1.09,1.74,9.2,54.0
linfa-2021,Linfa,Tropical Storm,29,35,1001.0,27.17,4.02,19.85,1.54,13.5,6.5,84.0
lingling-2019,Lingling (Liwayway),Typhoon,51,120,928.0,75.06,31.44,33.5,2.11,31.0,4.5,150.0
lingling-2025,Lingling (Huaning),Tropical Storm,30,45,992.0,29.6,6.84,12.73,0.92,6.0,8.6,96.0
lionrock-2021,Lionrock (Lannie),Tropical Storm,31,45,989.0,31.06,6.41,9.0,0.54,4.25,6.4,90.0
lisa-2022,Lisa,Hurricane,42,80,985.0,42.69,16.93,20.81,0.81,5.3,18.7,120.0
liua-2019,Liua,Cyclone,41,45,989.0,32.07,6.26,16.68,0.86,4.2,9.2,120.0
lola-2024,Lola,Severe Cyclone,35,119,941.0,78.6,30.53,11.26,0.63,8.1,4.0,102.0
lorena-2019,Lorena,Hurricane,43,75,985.0,53.07,13.25,21.68,0.78,16.2,13.1,126.0
lorena-2025,Lorena,Hurricane,26,75,981.0,53.08,15.3,11.7,0.86,7.2,8.7,75.0
lorenzo-2019,Lorenzo,Hurricane,91,140,925.0,82.53,26.37,81.93,2.34,44.8,36.8,270.0
lorenzo-2025,Lorenzo,Tropical Storm,22,50,999.0,40.0,6.55,13.32,1.13,9.3,6.0,63.0
lorna-2019,Lorna,Severe Cyclone,67,80,974.0,47.93,15.49,26.82,0.92,19.6,10.62,198.0
lowell-2020,Lowell,Tropical Storm,57,45,1001.0,35.07,6.55,33.97,0.8,6.0,32.8,168.0
luban-2018,Luban,Cyclone,69,85,959.0,47.29,17.54,18.34,0.54,5.3,16.3,204.0
lucas-2021,Lucas,Cyclone,81,64,980.0,30.88,15.02,36.54,1.28,10.0,28.4,240.0
lupit-2021,Lupit (Huaning),Tropical Storm,67,45,976.0,36.76,4.38,45.52,2.29,21.5,37.3,192.0
ma-on-2016,Ma-on,Tropical Storm,17,35,996.0,31.41,2.94,10.09,0.78,4.4,8.9,48.0
ma-on-2022,Ma-on (Florita),Typhoon,37,65,984.0,45.11,10.38,22.65,1.12,5.6,20.9,108.0
maarutha-2017,Maarutha,Cyclone,25,50,985.0,35.84,9.41,15.47,0.92,11.6,10.1,72.0
madeline-2022,Madeline,Tropical Storm,67,55,991.0,31.64,10.21,25.34,0.63,7.3,20.3,198.0
maha-2019,Maha,Cyclone,103,105,959.0,47.11,26.98,36.28,0.85,15.3,13.3,306.0
mal-2024,Mal,Severe Cyclone,25,74,977.0,59.04,9.58,17.87,1.0,14.9,9.4,72.0
malakas-2022,Malakas (Basyang),Typhoon,69,105,949.0,57.7,19.8,36.3,1.5,26.4,13.4,204.0
maliksi-2018,Maliksi (Domeng),Tropical Storm,35,60,974.0,47.14,7.62,30.97,1.92,20.1,21.0,102.0
maliksi-2024,Maliksi,Tropical Depression,15,30,990.0,27.27,3.22,6.27,0.58,5.6,1.1,42.0
malou-2021,Malou,Typhoon,47,85,968.0,55.94,18.92,30.63,2.16,23.9,15.0,138.0
man-yi-2018,Man-yi (Tomas),Typhoon,61,95,959.0,63.2,25.45,37.28,1.58,20.8,21.7,180.0
man-yi-2024,Man-yi (Pepito),Typhoon,91,140,924.0,60.19,33.57,57.26,1.0,8.6,52.2,270.0
mandous-2022,Mandous,Cyclone,37,55,989.0,40.76,10.37,13.46,0.92,4.9,11.4,108.0
mangga-2020,Mangga,Cyclone,29,40,996.0,33.34,3.47,21.17,2.53,15.5,12.5,84.0
mangkhut-2018,Mangkhut (Ompong),Typhoon,91,155,896.0,95.91,42.11,63.72,1.12,11.5,61.0,246.0
marco-2020,Marco,Hurricane,43,65,991.0,41.4,14.01,23.19,0.97,15.0,13.5,126.0
marcus-2018,Marcus,Severe Cyclone,83,150,906.0,78.46,35.7,44.36,0.95,19.8,26.7,246.0
margot-2023,Margot,Hurricane,91,80,969.0,51.98,16.39,43.05,0.98,22.3,17.8,270.0
maria-2017,Maria,Hurricane,131,150,908.0,80.01,31.72,96.14,2.5,35.9,56.1,384.0
maria-2018,Maria (Gardo),Typhoon,67,145,910.0,97.63,37.3,36.94,1.22,16.8,31.5,198.0
maria-2024,Maria,Typhoon,52,70,973.0,43.33,13.19,22.55,0.81,16.0,7.1,150.0
marian-2021,Marian,Severe Cyclone,85,99,952.0,56.47,24.53,34.54,1.25,16.3,17.5,252.0
marie-2020,Marie,Hurricane,87,120,945.0,60.3,31.84,37.65,0.81,11.2,33.3,258.0
mario-2019,Mario,Tropical Storm,59,60,991.0,40.34,14.05,19.08,0.58,14.5,6.5,174.0
mario-2025,Mario,Tropical Storm,58,55,993.0,32.67,10.36,25.46,0.85,10.3,21.6,168.0
martin-2022,Martin,Hurricane,41,75,932.0,55.56,14.72,43.6,3.47,22.3,28.7,120.0
marty-2021,Marty,Tropical Storm,35,40,1002.0,29.77,5.19,20.45,0.82,1.1,20.1,102.0
matmo-2019,Matmo (Bulbul),Cyclone,103,105,955.0,39.5,23.53,38.91,0.82,10.9,27.4,306.0
matmo-2025,Matmo (Paolo),Typhoon,41,89,966.0,57.24,18.81,27.16,1.2,8.9,24.6,132.0
matthew-2016,Matthew,Hurricane,94,145,934.0,102.31,28.25,45.87,0.92,21.9,20.9,276.0
mawar-2017,Mawar,Tropical Storm,19,45,989.0,37.63,5.1,3.93,0.5,2.4,2.9,54.0
mawar-2023,Mawar (Betty),Typhoon,119,165,891.0,87.7,40.6,54.03,1.7,27.8,24.4,354.0
max-2017,Max,Hurricane,15,80,980.0,52.27,17.72,3.83,0.51,1.1,3.6,42.0
max-2023,Max,Tropical Storm,13,60,990.0,43.0,12.04,3.39,0.39,3.1,0.8,36.0
maysak-2020,Maysak (Julian),Typhoon,53,120,930.0,75.53,28.87,32.96,1.84,29.0,4.9,156.0
meari-2016,Meari,Typhoon,45,90,962.0,55.71,22.86,21.15,1.58,16.6,10.8,132.0
meari-2022,Meari,Tropical Storm,28,39,990.0,33.5,3.53,21.14,1.83,14.9,13.6,75.0
megan-2024,Megan,Severe Cyclone,28,93,957.0,64.46,18.16,4.92,0.35,3.0,1.5,78.0
megi-2016,Megi,Typhoon,12,115,937.0,72.58,25.55,7.18,0.98,1.9,6.7,33.0
megi-2022,Megi (Agaton),Tropical Storm,33,40,996.0,25.58,7.13,6.42,0.54,1.4,3.7,96.0
mekkhala-2020,Mekkhala (Ferdie),Typhoon,23,70,980.0,41.0,15.38,14.39,0.95,12.7,4.0,66.0
mekkhala-2021,Mekkhala (Emong),Tropical Depression,17,30,1003.0,22.94,6.38,13.55,1.25,8.6,10.1,48.0
mekunu-2018,Mekunu,Cyclone,49,100,948.0,61.2,23.68,14.14,0.7,10.6,6.4,144.0
melissa-2019,Melissa,Subtropical Storm,49,55,994.0,45.63,7.19,32.34,1.6,5.9,24.3,144.0
melissa-2025,Melissa,Hurricane,93,160,892.0,86.86,40.33,45.47,2.41,26.6,19.7,252.0
merbok-2017,Merbok,Tropical Storm,19,45,989.0,36.68,6.96,9.43,0.67,8.7,2.9,54.0
merbok-2022,Merbok,Typhoon,39,70,968.0,49.95,15.99,29.6,2.77,24.6,9.3,114.0
michael-2018,Michael,Hurricane,70,140,919.0,68.53,26.51,96.2,3.98,30.4,76.8,204.0
michaung-2023,Michaung,Cyclone,37,63,987.0,41.11,13.09,11.62,0.71,8.4,4.78,108.0
midhili-2023,Midhili,Cyclone,17,40,995.0,31.29,4.31,8.86,1.14,7.3,4.7,48.0
milton-2024,Milton,Hurricane,56,155,895.0,93.3,40.36,33.35,1.7,7.8,29.6,150.0
mindulle-2021,Mindulle,Typhoon,79,140,916.0,83.28,31.07,46.24,2.11,32.1,17.9,234.0
mindy-2021,Mindy,Tropical Storm,18,50,1000.0,34.0,6.38,18.08,1.43,5.3,17.0,48.0
miriam-2018,Miriam,Hurricane,63,85,974.0,56.63,16.52,31.76,0.7,13.6,21.6,186.0
mirinae-2021,Mirinae (Gorio),Tropical Storm,49,55,977.0,39.45,8.78,37.99,1.7,14.1,32.9,144.0
mitag-2019,Mitag (Onyok),Typhoon,59,90,961.0,52.97,15.41,46.96,1.41,25.2,18.5,174.0
mitag-2025,Mitag (Mirasol),Tropical Storm,30,45,994.0,31.57,6.7,14.28,0.82,8.1,10.0,96.0
mocha-2023,Mocha,Cyclone,51,145,908.0,66.67,41.61,23.89,1.88,17.5,9.8,150.0
molave-2020,Molave (Quinta),Typhoon,41,105,952.0,67.22,27.29,26.69,0.91,3.0,26.1,120.0
mona-2019,Mona,Cyclone,65,50,989.0,34.26,8.56,35.71,1.26,15.3,16.1,192.0
montha-2025,Montha,Cyclone,21,45,995.0,41.29,3.69,8.65,0.61,5.7,4.8,60.0
mora-2017,Mora,Cyclone,29,80,963.0,46.45,15.01,14.7,1.1,11.9,5.5,84.0
muifa-2017,Muifa (Dante),Tropical Storm,27,40,993.0,31.26,6.73,8.61,0.51,6.4,2.3,78.0
muifa-2022,Muifa (Inday),Typhoon,89,110,946.0,59.79,25.47,43.11,1.49,24.5,19.0,264.0
mun-2019,Mun,Tropical Storm,13,35,992.0,27.08,6.74,5.83,0.64,3.3,4.6,36.0
mun-2025,Mun,Tropical Storm,54,60,982.0,43.56,12.18,26.84,2.82,17.9,10.3,168.0
nada-2016,Nada,Cyclone,23,45,989.0,35.57,8.82,10.16,0.85,4.2,8.8,66.0
nadine-2018,Nadine,Tropical Storm,29,55,995.0,43.59,7.6,10.5,0.73,6.1,8.0,84.0
nadine-2024,Nadine,Tropical Storm,12,50,1002.0,38.83,8.12,5.75,0.71,0.4,5.7,30.0
nakri-2019,Nakri (Quiel),Typhoon,45,65,982.0,48.29,11.54,11.35,0.54,1.2,9.5,132.0
nakri-2025,Nakri (Quedan),Typhoon,55,74,974.0,49.87,14.64,50.25,2.35,16.6,34.4,168.0
nalgae-2017,Nalgae,Subtropical Storm,45,60,978.0,41.2,10.28,23.43,1.17,17.8,8.1,132.0
nalgae-2022,Nalgae (Paeng),Typhoon,59,75,972.0,45.66,13.65,24.23,0.86,11.13,18.9,174.0
namtheun-2021,Namtheun,Tropical Storm,75,55,988.0,39.0,8.12,46.37,1.95,26.3,21.7,222.0
nana-2020,Nana,Hurricane,23,65,994.0,46.35,11.44,16.52,0.91,1.3,16.2,66.0
nangka-2020,Nangka (Nika),Tropical Storm,23,50,989.0,37.87,7.97,13.0,0.95,2.5,12.6,66.0
nanmadol-2017,Nanmadol (Emong),Typhoon,31,65,974.0,46.0,9.14,38.77,2.35,17.9,26.4,84.0
nanmadol-2022,Nanmadol (Josie),Typhoon,60,135,916.0,75.22,35.6,28.58,2.06,15.7,10.3,168.0
narda-2019,Narda,Tropical Storm,20,45,997.0,38.55,4.01,15.36,1.13,11.8,9.4,54.0
narda-2025,Narda,Hurricane,60,90,970.0,66.5,18.96,30.08,0.92,6.5,26.3,177.0
nari-2019,Nari,Tropical Storm,24,35,991.0,31.33,4.48,12.4,0.82,10.7,2.4,66.0
nari-2025,Nari,Tropical Storm,34,51,983.0,36.21,6.11,31.76,4.22,23.4,11.3,108.0
nat-2024,Nat,Cyclone,27,45,993.0,39.44,3.8,19.14,1.24,4.8,17.6,78.0
nate-2017,Nate,Hurricane,54,80,981.0,39.56,18.61,60.01,2.38,35.5,33.2,156.0
neil-2019,Neil,Cyclone,13,38,994.0,33.77,2.65,10.19,1.12,9.3,3.7,36.0
neoguri-2019,Neoguri (Perla),Typhoon,53,95,964.0,49.13,19.15,26.92,1.95,16.6,13.2,156.0
neoguri-2025,Neoguri,Typhoon,87,124,936.0,75.26,23.8,409.07,353.7,22.3,353.7,276.0
nepartak-2021,Nepartak,Subtropical Storm,54,40,981.0,30.28,5.94,29.2,1.14,18.3,14.0,156.0
nesat-2017,Nesat (Gorio),Typhoon,39,90,956.0,57.54,15.56,17.16,0.95,11.2,11.1,114.0
nesat-2022,Nesat (Neneng),Typhoon,49,90,961.0,53.53,24.45,20.26,0.8,2.8,19.0,144.0
nestor-2019,Nestor,Tropical Storm,19,50,996.0,42.42,4.98,18.86,1.72,11.1,14.9,54.0
neville-2024,Neville,Severe Cyclone,105,115,948.0,46.3,25.07,48.35,0.99,11.4,26.5,312.0
newton-2022,Newton,Tropical Storm,61,55,997.0,32.79,9.81,23.6,0.61,5.8,20.9,180.0
nicholas-2021,Nicholas,Hurricane,44,65,988.0,34.41,16.39,17.08,0.73,10.9,5.1,126.0
nicole-2016,Nicole,Hurricane,123,120,950.0,63.75,18.79,64.35,2.1,35.8,30.4,366.0
nicole-2022,Nicole,Hurricane,41,65,980.0,47.41,12.71,23.67,1.21,10.2,16.5,108.0
nida-2021,Nida,Tropical Storm,33,55,985.0,41.12,8.0,32.36,1.95,12.6,24.9,96.0
nigel-2023,Nigel,Hurricane,91,85,958.0,55.21,17.71,90.22,2.28,47.9,36.9,270.0
niran-2021,Niran,Severe Cyclone,61,138,917.0,67.82,30.09,43.81,2.34,15.8,35.1,180.0
nisarga-2020,Nisarga,Cyclone,25,85,968.0,45.52,19.25,11.91,1.06,8.8,6.5,72.0
nivar-2020,Nivar,Cyclone,39,70,982.0,42.08,13.58,11.91,0.71,6.0,5.7,114.0
nock-ten-2016,Nock-ten (Nina),Typhoon,61,140,915.0,69.66,36.94,34.47,0.89,8.7,31.1,180.0
nokaen-2026,Nokaen (Ada),Tropical Depression,41,51,992.0,35.61,7.75,25.32,1.89,8.9,10.2,174.0
nongfa-2025,Nongfa (Jacinto),Tropical Storm,19,39,993.0,30.79,4.01,12.18,1.1,3.1,11.5,54.0
nora-2018,Nora,Severe Cyclone,35,100,956.0,55.03,27.63,10.75,0.64,7.2,6.0,102.0
nora-2021,Nora,Hurricane,42,75,976.0,46.4,13.94,16.9,0.81,12.1,9.0,120.0
norbert-2020,Norbert,Tropical Storm,81,50,1000.0,30.53,7.27,23.26,0.86,14.2,10.7,240.0
norma-2017,Norma,Hurricane,65,65,985.0,39.12,13.68,14.08,0.32,6.2,8.2,192.0
norma-2023,Norma,Hurricane,51,115,939.0,72.47,28.0,16.16,0.61,12.0,4.5,144.0
norman-2018,Norman,Hurricane,103,130,937.0,81.31,27.75,53.04,1.02,15.7,42.7,306.0
noru-2017,Noru,Typhoon,151,135,922.0,75.37,23.03,64.69,1.02,14.9,28.3,444.0
noru-2022,Noru (Karding),Typhoon,55,145,914.0,76.89,35.46,30.78,1.0,3.0,29.5,162.0
noul-2020,Noul (Leon),Tropical Storm,29,50,990.0,37.69,8.27,19.25,1.4,3.8,18.4,84.0
numa-2017,Numa,Tropical Storm,22,50,994.0,34.55,6.15,26.72,2.56,4.1,15.3,126.0
nuri-2020,Nuri (Butchoy),Tropical Storm,23,35,995.0,30.0,3.99,13.31,1.0,7.3,10.9,66.0
nyatoh-2021,Nyatoh,Typhoon,37,130,928.0,70.14,29.97,24.45,1.56,16.1,11.0,108.0
ockhi-2017,Ockhi,Cyclone,55,100,948.0,62.91,21.19,22.78,0.86,12.6,13.7,162.0
octave-2019,Octave,Tropical Storm,31,40,1006.0,30.03,5.64,4.2,0.3,1.5,1.1,90.0
octave-2025,Octave,Hurricane,76,75,984.0,48.22,10.41,28.25,0.92,8.4,13.7,225.0
odalys-2020,Odalys,Tropical Storm,33,45,1000.0,33.21,7.26,15.01,0.81,4.9,12.2,96.0
odette-2021,Odette,Cyclone,53,55,987.0,38.96,6.23,22.14,1.47,11.2,8.4,156.0
olaf-2021,Olaf,Hurricane,36,90,975.0,47.36,20.32,11.33,0.64,6.6,7.6,102.0
olga-2019,Olga,Tropical Storm,19,45,992.0,37.32,6.5,27.64,2.5,21.3,14.5,54.0
olga-2024,Olga,Severe Cyclone,41,119,939.0,60.1,27.29,12.44,0.74,8.4,5.65,120.0
olivia-2018,Olivia,Hurricane,109,115,951.0,63.94,25.59,60.37,1.04,7.6,58.1,324.0
oma-2019,Oma,Severe Cyclone,141,74,965.0,45.63,16.83,47.97,0.68,14.64,12.61,420.0
omais-2021,Omais (Isang),Tropical Storm,111,55,990.0,28.26,10.23,74.29,1.77,25.5,54.6,330.0
omar-2020,Omar,Tropical Storm,49,35,1003.0,31.24,2.13,28.39,1.06,9.8,22.6,144.0
ophelia-2017,Ophelia,Hurricane,70,100,957.0,67.4,20.38,60.39,2.38,30.3,45.3,204.0
ophelia-2023,Ophelia,Tropical Storm,28,60,981.0,40.79,14.43,11.57,0.76,10.4,2.5,78.0
orlene-2022,Orlene,Hurricane,44,115,954.0,63.57,25.21,14.09,0.87,10.2,4.8,126.0
osai-2024,Osai,Cyclone,13,51,992.0,40.46,6.74,7.18,1.26,4.0,5.3,36.0
oscar-2018,Oscar,Hurricane,71,95,952.0,63.27,14.05,79.54,1.99,37.1,49.4,210.0
oscar-2024,Oscar,Hurricane,31,75,984.0,55.0,16.64,12.43,0.91,2.6,9.4,84.0
otis-2017,Otis,Hurricane,79,100,965.0,36.77,18.03,27.76,0.81,4.2,23.1,234.0
otis-2023,Otis,Hurricane,28,145,922.0,67.75,38.44,9.89,0.61,8.8,4.0,78.0
otto-2016,Otto,Hurricane,49,100,975.0,58.31,19.47,16.12,0.82,2.2,14.2,138.0
owen-2019,Owen,Severe Cyclone,175,80,969.0,33.24,15.52,62.87,0.81,10.3,21.29,516.0
pablo-2019,Pablo,Hurricane,43,70,977.0,47.44,9.68,35.39,2.0,11.7,23.5,126.0
pabuk-2018,Pabuk,Tropical Storm,57,50,996.0,33.39,8.27,24.29,0.91,6.8,21.1,168.0
pabuk-2024,Pabuk,Tropical Depression,31,30,994.0,24.52,4.53,8.11,0.54,2.9,6.1,90.0
paddy-2022,Paddy,Cyclone,35,45,988.0,32.89,8.16,8.52,0.5,3.1,4.4,102.0
paine-2022,Paine,Tropical Storm,35,40,1005.0,29.37,5.58,7.29,0.36,4.1,5.0,102.0
pakhar-2017,Pakhar (Jolina),Tropical Storm,27,60,983.0,39.22,8.53,20.37,1.14,8.7,17.7,78.0
pakhar-2022,Pakhar (Rosal),Tropical Storm,21,50,993.0,36.19,9.89,10.0,0.85,4.5,7.1,60.0
pamela-2021,Pamela,Hurricane,32,65,987.0,51.66,12.5,19.6,1.44,12.4,6.9,90.0
patty-2024,Patty,Subtropical Storm,31,55,977.0,46.52,7.12,24.9,1.24,3.3,23.9,90.0
paul-2018,Paul,Tropical Storm,53,40,1002.0,29.58,5.83,22.44,0.71,7.0,18.8,156.0
paul-2024,Paul,Cyclone,11,51,993.0,42.27,5.53,3.06,0.57,1.55,2.5,30.0
paulette-2020,Paulette,Hurricane,174,90,965.0,48.04,18.72,117.93,2.15,30.2,48.3,516.0
pawan-2019,Pawan,Cyclone,47,45,997.0,34.66,5.63,18.85,0.95,4.1,10.38,138.0
peipah-2019,Peipah,Tropical Storm,23,35,999.0,26.09,4.99,19.88,1.25,16.8,8.6,66.0
peipah-2025,Peipah,Tropical Storm,21,55,990.0,40.29,9.29,29.87,3.92,9.0,24.5,72.0
penny-2019,Penny,Cyclone,100,55,985.0,35.93,9.1,36.41,1.23,8.5,16.71,282.0
peter-2021,Peter,Tropical Storm,87,45,1005.0,30.92,6.81,37.91,1.1,22.2,14.51,258.0
phanfone-2019,Phanfone (Ursula),Typhoon,63,105,958.0,57.71,27.77,32.38,0.92,9.0,30.0,186.0
phethai-2018,Phethai,Cyclone,35,55,989.0,38.17,9.61,13.35,1.08,10.6,6.0,102.0
philippe-2017,Philippe,Tropical Storm,6,35,1000.0,33.0,2.45,3.47,0.92,2.6,2.3,12.0
philippe-2023,Philippe,Tropical Storm,108,50,998.0,42.92,4.2,42.95,0.79,14.4,29.7,318.0
pilar-2017,Pilar,Tropical Storm,17,45,1000.0,37.35,5.89,5.16,0.54,4.7,2.0,48.0
pilar-2023,Pilar,Tropical Storm,81,55,995.0,39.14,9.08,35.04,1.04,3.3,28.3,240.0
pita-2025,Pita,Cyclone,13,39,993.0,35.77,3.19,10.69,1.48,2.5,10.2,36.0
podul-2019,Podul (Jenny),Tropical Storm,37,40,993.0,27.86,8.27,28.66,1.41,4.4,27.4,108.0
podul-2025,Podul (Gorio),Typhoon,59,89,966.0,51.59,17.11,44.97,3.42,8.4,39.9,192.0
pola-2019,Pola,Severe Cyclone,37,100,948.0,62.51,22.95,19.01,1.0,15.5,3.7,108.0
polo-2020,Polo,Tropical Storm,27,40,1004.0,32.78,4.87,13.51,0.63,2.0,13.1,78.0
prapiroon-2018,Prapiroon (Florita),Typhoon,53,80,960.0,52.66,16.18,30.03,1.56,21.6,12.7,156.0
prapiroon-2024,Prapiroon (Butchoy),Tropical Storm,41,60,981.0,34.63,9.33,17.83,0.81,8.9,14.1,120.0
priscilla-2019,Priscilla,Tropical Storm,10,40,1003.0,34.1,4.38,2.48,0.41,2.4,0.3,24.0
priscilla-2025,Priscilla,Hurricane,50,95,958.0,61.5,19.04,14.93,0.5,10.9,8.9,147.0
pulasan-2024,Pulasan (Helen),Tropical Storm,49,55,979.0,36.27,7.98,40.1,1.82,21.5,24.1,144.0
rae-2025,Rae,Severe Cyclone,26,89,961.0,58.58,16.39,14.02,1.56,12.3,2.9,78.0
rafael-2024,Rafael,Hurricane,52,105,954.0,66.52,24.86,21.33,0.81,11.4,15.5,150.0
ragasa-2025,Ragasa (Nando),Typhoon,53,144,910.0,94.58,39.2,28.59,1.5,6.3,27.0,168.0
rai-2021,Rai (Odette),Typhoon,73,150,908.0,76.81,36.74,45.76,0.91,16.3,33.1,216.0
ramon-2017,Ramon,Tropical Storm,9,40,1002.0,34.0,5.85,2.76,0.51,1.2,2.4,24.0
ramon-2023,Ramon,Tropical Storm,49,40,1002.0,31.33,4.05,9.87,0.36,4.9,5.2,144.0
raymond-2019,Raymond,Tropical Storm,27,45,1001.0,36.15,7.25,9.98,0.95,7.9,3.8,78.0
raymond-2025,Raymond,Tropical Storm,22,50,998.0,39.09,8.11,12.71,0.98,7.2,9.9,63.0
rebekah-2019,Rebekah,Subtropical Storm,45,70,965.0,50.44,10.95,42.41,1.8,5.3,24.0,132.0
remal-2024,Remal,Cyclone,32,60,977.0,36.81,12.34,10.82,0.67,8.6,2.56,90.0
rene-2020,Rene,Tropical Storm,61,40,1001.0,32.23,4.11,33.46,0.81,12.4,29.2,180.0
rick-2021,Rick,Hurricane,30,90,977.0,66.37,20.67,8.46,0.85,7.3,2.6,84.0
riley-2019,Riley,Cyclone,103,70,970.0,38.53,18.29,43.04,0.78,5.9,39.1,306.0
rina-2017,Rina,Tropical Storm,31,50,991.0,38.65,6.63,18.54,1.12,16.5,4.7,90.0
rina-2023,Rina,Tropical Storm,31,45,999.0,38.71,5.16,16.16,0.78,11.1,11.1,90.0
rita-2020,Rita,Cyclone,47,70,980.0,35.66,17.32,13.85,0.84,7.2,3.2,138.0
robyn-2025,Robyn,Cyclone,27,51,988.0,38.22,8.13,8.83,0.58,5.8,4.2,78.0
roke-2017,Roke,Tropical Storm,13,35,996.0,30.69,4.92,9.24,0.85,2.9,8.7,36.0
roke-2022,Roke (Luis),Typhoon,45,90,965.0,54.58,15.65,36.41,1.3,17.4,27.4,132.0
rosa-2018,Rosa,Hurricane,60,130,936.0,70.2,29.31,25.49,0.61,14.9,12.0,174.0
rose-2021,Rose,Tropical Storm,45,50,1004.0,32.38,5.75,25.4,0.85,18.9,15.1,132.0
roslyn-2016,Roslyn,Tropical Storm,2,43,1001.0,41.5,2.12,0.14,0.14,0.1,0.1,3.0
roslyn-2022,Roslyn,Hurricane,34,115,954.0,70.44,32.2,16.36,1.53,10.5,5.8,96.0
ruby-2022,Ruby,Cyclone,50,70,980.0,45.1,14.95,32.89,1.7,20.9,23.7,144.0
rumbia-2018,Rumbia,Tropical Storm,29,50,978.0,35.62,7.96,15.81,0.92,6.9,12.7,84.0
sagar-2018,Sagar,Cyclone,35,65,974.0,45.69,11.76,12.04,0.81,3.4,9.8,102.0
sally-2020,Sally,Hurricane,54,95,965.0,52.11,20.78,20.1,0.82,8.7,9.5,156.0
sam-2021,Sam,Hurricane,117,135,927.0,93.83,30.85,97.54,2.22,48.1,39.7,348.0
sanba-2018,Sanba (Basyang),Tropical Storm,47,40,999.0,28.4,6.64,29.08,0.94,2.8,25.8,138.0
sanba-2023,Sanba,Tropical Storm,33,45,996.0,34.03,6.57,9.93,0.63,5.9,2.4,96.0
sandra-2021,Sandra,Tropical Storm,23,35,1005.0,30.61,4.34,11.08,0.81,1.8,10.6,66.0
sanvu-2017,Sanvu,Typhoon,47,90,953.0,59.7,14.57,32.69,2.2,21.5,11.7,138.0
sanvu-2023,Sanvu,Tropical Storm,59,45,999.0,23.63,11.09,18.89,0.82,5.7,14.9,174.0
saola-2017,Saola (Quedan),Typhoon,80,65,974.0,38.5,13.35,51.91,2.86,25.6,23.8,234.0
saola-2023,Saola (Goring),Typhoon,121,140,917.0,88.68,35.51,27.27,0.51,6.0,17.3,282.0
sara-2024,Sara,Tropical Storm,37,45,997.0,36.0,6.21,12.03,0.72,3.8,10.8,102.0
sarai-2020,Sarai,Cyclone,65,70,975.0,48.89,13.19,43.58,2.06,17.8,31.1,192.0
sarika-2016,Sarika,Typhoon,49,115,944.0,64.71,23.6,23.91,1.04,8.4,21.3,144.0
saudel-2020,Saudel (Pepito),Typhoon,59,75,975.0,45.24,15.75,25.42,1.0,4.4,23.9,174.0
savannah-2019,Savannah,Severe Cyclone,79,99,948.0,48.44,21.47,26.54,0.81,11.31,18.4,234.0
sean-2023,Sean,Tropical Storm,49,40,1005.0,31.2,5.39,24.3,0.67,8.8,22.0,144.0
sean-2025,Sean,Severe Cyclone,43,115,936.0,62.23,25.87,19.91,0.89,11.2,12.9,132.0
sebastien-2019,Sebastien,Tropical Storm,67,60,970.0,49.97,7.04,74.36,3.14,32.9,59.7,198.0
selma-2017,Selma,Tropical Storm,14,35,1004.0,34.14,1.83,3.45,0.41,3.2,0.4,36.0
senyar-2025,Senyar,Cyclone,28,45,996.0,30.32,7.32,9.21,1.53,1.1,6.4,90.0
sepat-2025,Sepat,Tropical Storm,34,39,1000.0,30.68,4.48,27.0,3.41,20.4,10.5,108.0
sergio-2018,Sergio,Hurricane,107,120,942.0,77.56,26.16,51.73,1.2,17.4,27.3,318.0
seroja-2021,Seroja,Severe Cyclone,73,75,968.0,47.66,11.34,44.56,2.54,26.3,16.4,216.0
seru-2025,Seru,Cyclone,31,64,980.0,47.48,8.55,10.12,0.81,6.7,3.5,102.0
seth-2022,Seth,Cyclone,95,50,989.0,29.26,7.27,45.68,1.25,17.8,29.2,282.0
seymour-2016,Seymour,Hurricane,57,130,940.0,62.37,38.23,27.91,0.73,12.3,20.2,168.0
shaheen-gulab-2021,Shaheen-Gulab,Cyclone,85,70,976.0,37.13,15.93,39.7,0.91,6.3,38.0,252.0
shakhti-2025,Shakhti,Cyclone,29,74,976.0,53.24,11.65,9.19,0.7,2.6,7.0,84.0
shanshan-2018,Shanshan,Typhoon,61,85,953.0,61.13,17.29,33.64,1.99,23.2,10.3,180.0
shanshan-2024,Shanshan,Typhoon,94,115,935.0,60.09,27.99,35.36,0.85,19.3,13.4,276.0
sinlaku-2020,Sinlaku,Tropical Storm,25,45,989.0,31.68,7.7,12.34,0.95,3.0,11.6,72.0
sitrang-2022,Sitrang,Cyclone,23,45,994.0,34.0,6.49,13.98,2.06,10.6,4.4,66.0
son-tinh-2018,Son-tinh,Tropical Storm,83,50,989.0,30.93,8.1,45.71,1.3,3.8,33.1,246.0
son-tinh-2024,Son-tinh,Subtropical Storm,33,40,983.0,31.55,7.12,24.2,1.43,17.7,9.4,96.0
sonca-2017,Sonca,Tropical Storm,43,45,989.0,35.02,5.88,12.02,0.7,1.6,11.1,126.0
sonca-2022,Sonca,Tropical Storm,11,35,999.0,29.0,3.95,5.23,0.71,1.7,4.9,30.0
songda-2016,Songda,Typhoon,51,130,926.0,70.86,36.71,50.15,2.95,22.2,25.4,150.0
songda-2022,Songda,Tropical Depression,27,30,997.0,27.44,2.74,14.07,1.13,7.3,10.7,78.0
sonia-2025,Sonia,Tropical Storm,38,45,1001.0,38.55,5.19,11.59,0.51,2.2,10.5,111.0
soulik-2018,Soulik,Typhoon,81,105,942.0,71.17,24.77,47.53,1.2,30.9,18.8,240.0
soulik-2024,Soulik,Tropical Storm,13,35,989.0,27.62,4.21,6.94,0.9,0.8,6.8,36.0
surigae-2021,Surigae (Bising),Typhoon,99,170,882.0,87.27,40.91,37.72,1.81,15.9,16.0,294.0
talas-2017,Talas,Tropical Storm,21,50,985.0,36.19,9.66,11.76,1.0,2.5,11.4,60.0
talas-2022,Talas,Tropical Storm,25,35,985.0,26.8,3.91,15.84,0.82,10.9,6.3,72.0
taliah-2025,Taliah,Severe Cyclone,151,84,967.0,50.75,13.54,60.04,1.4,18.4,47.8,480.0
talim-2017,Talim (Lannie),Typhoon,72,120,933.0,66.17,23.18,41.79,2.62,22.7,19.7,204.0
talim-2023,Talim (Dodong),Typhoon,57,80,964.0,52.54,19.01,18.18,0.81,6.0,16.5,120.0
tam-2025,Tam,Cyclone,15,51,984.0,44.6,5.78,15.07,1.8,13.6,4.8,42.0
tammy-2023,Tammy,Hurricane,106,95,965.0,56.35,19.28,52.94,1.04,20.4,15.9,312.0
tapah-2019,Tapah (Nimfa),Typhoon,37,65,967.0,50.03,11.89,25.37,2.13,17.5,12.1,108.0
tapah-2025,Tapah (Lannie),Typhoon,19,64,983.0,44.63,12.3,10.99,1.5,6.3,7.6,66.0
tara-2018,Tara,Tropical Storm,19,55,995.0,39.47,8.35,3.18,0.32,1.9,2.1,54.0
tauktae-2021,Tauktae,Cyclone,45,120,931.0,68.6,30.86,16.78,0.72,14.4,2.4,132.0
teddy-2020,Teddy,Hurricane,97,120,945.0,70.84,27.89,66.99,2.0,41.8,32.9,288.0
tej-2023,Tej,Cyclone,39,109,956.0,63.77,29.0,14.62,0.81,7.1,11.0,114.0
tembin-2017,Tembin (Vinta),Typhoon,49,85,959.0,48.53,18.38,28.58,0.82,1.1,28.3,144.0
teratai-2022,Teratai,Cyclone,95,45,999.0,27.8,7.29,37.29,0.92,11.0,12.4,282.0
teresa-2021,Teresa,Subtropical Storm,19,40,1008.0,32.89,4.51,8.74,0.89,4.2,3.7,54.0
terry-2021,Terry,Tropical Storm,53,35,1006.0,28.77,3.47,29.5,0.81,3.6,28.6,156.0
theta-2020,Theta,Subtropical Storm,65,60,987.0,42.49,12.2,32.6,0.8,5.0,29.6,192.0
tiffany-2022,Tiffany,Cyclone,57,60,989.0,33.98,12.41,27.44,1.04,5.5,23.9,168.0
tina-2016,Tina,Tropical Storm,43,35,1004.0,24.12,6.8,8.64,0.32,1.6,7.5,126.0
tino-2020,Tino,Severe Cyclone,35,85,955.0,55.06,20.26,34.1,1.91,20.6,25.7,102.0
titli-2018,Titli,Cyclone,33,105,944.0,57.52,25.02,9.63,0.58,6.8,4.5,96.0
tokage-2016,Tokage,Typhoon,33,80,963.0,51.52,16.93,14.86,0.76,7.6,10.2,96.0
tokage-2022,Tokage,Typhoon,37,95,956.0,59.19,22.28,34.45,2.44,25.6,16.7,108.0
toraji-2018,Toraji,Tropical Depression,33,30,1000.0,23.39,5.11,13.68,0.81,4.3,11.9,96.0
toraji-2024,Toraji (Nika),Typhoon,81,80,976.0,41.16,15.37,24.83,0.92,6.8,21.7,162.0
trami-2018,Trami (Paeng),Typhoon,84,140,914.0,87.89,29.15,48.83,3.05,27.6,18.5,246.0
trami-2024,Trami (Kristine),Typhoon,69,65,984.0,40.45,12.9,33.4,1.58,4.4,28.7,204.0
trases-2022,Trases (Ester),Tropical Storm,19,35,992.0,28.89,4.24,14.78,1.3,14.5,1.7,54.0
trevor-2019,Trevor,Severe Cyclone,92,105,952.0,53.89,26.16,27.39,0.8,13.3,16.0,264.0
uesi-2020,Uesi,Severe Cyclone,67,74,971.0,50.21,14.5,34.38,1.36,30.7,5.46,198.0
ulika-2016,Ulika,Hurricane,2,30,1007.0,30.0,0.0,0.3,0.3,0.0,0.3,3.0
usagi-2018,Usagi,Typhoon,131,90,971.0,30.21,17.91,69.01,0.92,5.2,64.6,390.0
usagi-2024,Usagi (Ofel),Typhoon,47,130,934.0,60.79,31.55,26.49,0.91,11.2,21.2,138.0
vamco-2020,Vamco (Ulysses),Typhoon,55,115,945.0,69.49,27.16,29.2,0.82,7.5,27.2,162.0
vardah-2016,Vardah,Cyclone,103,85,959.0,41.12,18.01,45.77,1.1,5.4,40.7,306.0
vayu-2019,Vayu,Cyclone,71,100,948.0,62.34,26.41,20.87,0.61,12.3,6.1,210.0
vernon-2022,Vernon,Cyclone,79,115,946.0,55.32,20.93,39.27,1.12,19.82,17.3,234.0
veronica-2019,Veronica,Severe Cyclone,95,124,930.0,55.51,35.73,27.09,0.58,9.0,17.9,282.0
vicente-2018,Vicente,Tropical Storm,36,45,1002.0,37.06,6.21,13.37,0.58,4.9,10.7,103.5
vicky-2020,Vicky,Cyclone,35,45,996.0,28.69,7.3,18.29,1.3,10.5,5.9,102.0
victor-2021,Victor,Tropical Storm,41,55,997.0,38.22,9.61,23.3,0.77,10.6,20.3,120.0
vince-2025,Vince,Cyclone,84,134,924.0,90.46,28.65,45.93,3.41,17.5,32.9,258.0
vongfong-2020,Vongfong (Ambo),Typhoon,45,100,961.0,52.38,27.49,18.79,0.76,11.8,9.7,132.0
walaka-2018,Walaka,Hurricane,66,140,921.0,81.74,36.51,54.51,2.68,36.2,15.2,192.0
wallace-2019,Wallace,Cyclone,81,60,978.0,35.99,11.79,37.71,0.92,8.7,33.2,240.0
wanda-2021,Wanda,Subtropical Storm,107,60,973.0,43.76,5.65,74.89,2.08,10.7,46.6,318.0
wasi-2020,Wasi,Cyclone,25,55,995.0,36.48,9.22,10.8,0.67,6.6,7.1,72.0
wilfred-2020,Wilfred,Tropical Storm,27,35,1006.0,34.0,1.98,19.39,0.92,5.0,18.6,78.0
willa-2018,Willa,Hurricane,36,140,925.0,88.5,35.97,12.27,1.2,9.1,3.6,102.0
wipha-2019,Wipha,Tropical Storm,47,55,983.0,38.66,8.56,12.12,0.54,3.5,10.0,102.0
wipha-2025,Wipha (Crising),Typhoon,45,64,970.0,43.82,11.92,30.44,1.57,9.0,26.8,168.0
wukong-2018,Wukong,Typhoon,43,65,974.0,42.63,13.24,26.28,1.06,23.7,7.4,126.0
wukong-2024,Wukong,Tropical Depression,21,30,984.0,26.62,3.65,12.19,1.14,10.9,3.7,60.0
wutip-2019,Wutip,Typhoon,82,145,895.0,81.15,38.66,32.36,0.91,14.5,25.5,240.0
wutip-2025,Wutip,Typhoon,37,64,979.0,43.22,13.6,24.08,3.62,13.1,11.7,126.0
xavier-2018,Xavier,Tropical Storm,53,55,995.0,36.81,11.92,17.81,0.45,4.7,10.4,156.0
yaas-2021,Yaas,Cyclone,35,64,974.0,43.0,14.49,10.84,0.87,8.6,4.5,102.0
yagi-2018,Yagi (Karding),Tropical Storm,65,45,983.0,33.22,5.82,31.89,1.2,19.0,18.0,192.0
yagi-2024,Yagi (Enteng),Typhoon,63,145,907.0,74.27,40.14,27.37,0.78,9.8,23.7,186.0
yakecan-2022,Yakecan,Subtropical Storm,14,50,987.0,41.07,7.64,33.61,3.79,9.1,17.1,78.0
yamaneko-2022,Yamaneko,Tropical Storm,23,40,991.0,30.26,5.02,8.96,1.29,7.9,2.4,66.0
yasa-2021,Yasa,Severe Cyclone,80,138,914.0,69.94,37.16,26.75,0.7,12.4,13.08,234.0
yinxing-2024,Yinxing (Marce),Typhoon,80,130,931.0,73.56,32.08,40.53,3.34,10.5,34.6,252.0
yun-yeung-2023,Yun-yeung (Ineng),Tropical Storm,31,45,988.0,32.42,9.04,14.89,0.82,12.4,6.7,90.0
yutu-2018,Yutu (Rosita),Typhoon,103,150,904.0,90.14,44.87,47.93,0.81,12.2,42.4,306.0
yvette-2017,Yvette,Cyclone,55,50,985.0,35.15,7.97,16.94,0.67,3.9,10.1,162.0
zazu-2021,Zazu,Cyclone,35,55,985.0,43.69,9.8,18.13,1.48,11.2,9.1,102.0
zelia-2025,Zelia,Severe Cyclone,31,128,923.0,79.55,34.78,6.99,0.94,5.3,1.6,102.0
zeta-2020,Zeta,Hurricane,46,100,970.0,58.11,17.13,39.05,3.4,21.8,20.0,132.0
zorbas-2018,Zorbas,Tropical Storm,17,60,987.0,43.53,9.96,13.1,1.48,7.3,6.9,96.0
