variable,category,n,mean,median,q1,q3,iqr,std,skewness,mean_median_gap,preferred_central_tendency,skew_note
tithi,Amavasai,1668,49.81,40.0,30.0,62.0,32.0,27.0,1.3,9.81,median,"Wind is right-skewed; use median/IQR, not mean/std"
tithi,Astami,3067,50.17,40.0,30.0,60.0,30.0,27.5,1.27,10.17,median,"Wind is right-skewed; use median/IQR, not mean/std"
tithi,Duvadasi,2928,50.76,43.0,30.0,63.0,33.0,27.36,1.256,7.76,median,"Wind is right-skewed; use median/IQR, not mean/std"
tithi,Egadashi,2987,50.52,43.0,30.0,64.0,34.0,26.8,1.2,7.52,median,"Wind is right-skewed; use median/IQR, not mean/std"
tithi,Navami,3169,49.69,40.0,30.0,60.0,30.0,26.74,1.326,9.69,median,"Wind is right-skewed; use median/IQR, not mean/std"
tithi,Panjami,3016,49.84,41.0,30.0,60.0,30.0,26.92,1.516,8.84,median,"Wind is right-skewed; use median/IQR, not mean/std"
tithi,Pirathamai,3084,48.25,40.0,30.0,60.0,30.0,27.09,1.454,8.25,median,"Wind is right-skewed; use median/IQR, not mean/std"
tithi,Pournami,1353,49.2,40.0,30.0,60.0,30.0,28.01,1.652,9.2,median,"Wind is right-skewed; use median/IQR, not mean/std"
tithi,Sapthami,3056,50.6,40.0,30.0,63.0,33.0,28.11,1.285,10.6,median,"Wind is right-skewed; use median/IQR, not mean/std"
tithi,Sathuradasi,3053,50.29,40.0,30.0,60.0,30.0,28.07,1.309,10.29,median,"Wind is right-skewed; use median/IQR, not mean/std"
tithi,Sathurthi,3047,49.45,40.0,30.0,60.0,30.0,26.08,1.403,9.45,median,"Wind is right-skewed; use median/IQR, not mean/std"
tithi,Shasti,2984,49.9,40.0,30.0,63.0,33.0,27.34,1.366,9.9,median,"Wind is right-skewed; use median/IQR, not mean/std"
tithi,Thasami,3092,48.6,40.0,30.0,60.0,30.0,25.92,1.274,8.6,median,"Wind is right-skewed; use median/IQR, not mean/std"
tithi,Thirayodasi,2949,51.01,40.0,30.0,60.0,30.0,28.29,1.314,11.01,median,"Wind is right-skewed; use median/IQR, not mean/std"
tithi,Thiruthiyai,3130,49.23,40.0,30.0,60.0,30.0,26.67,1.424,9.23,median,"Wind is right-skewed; use median/IQR, not mean/std"
tithi,Thuthiyai,2970,48.95,40.0,30.0,60.0,30.0,27.46,1.394,8.95,median,"Wind is right-skewed; use median/IQR, not mean/std"
nakshatra,Anusham,1679,49.43,42.0,30.0,60.0,30.0,24.7,1.356,7.43,median,"Wind is right-skewed; use median/IQR, not mean/std"
nakshatra,Aswini,1584,49.45,40.0,30.0,60.0,30.0,28.52,1.571,9.45,median,"Wind is right-skewed; use median/IQR, not mean/std"
nakshatra,Avittam,1628,49.54,40.0,30.0,60.0,30.0,27.7,1.496,9.54,median,"Wind is right-skewed; use median/IQR, not mean/std"
nakshatra,Ayilyam,1707,49.16,43.0,30.0,60.0,30.0,24.93,1.204,6.16,median,"Wind is right-skewed; use median/IQR, not mean/std"
nakshatra,Bharani,1591,50.59,40.0,30.0,60.0,30.0,28.9,1.393,10.59,median,"Wind is right-skewed; use median/IQR, not mean/std"
nakshatra,Chithirai,1761,50.85,42.0,30.0,60.0,30.0,27.38,1.403,8.85,median,"Wind is right-skewed; use median/IQR, not mean/std"
nakshatra,Hastham,1686,51.48,40.5,33.0,60.0,27.0,27.3,1.289,10.98,median,"Wind is right-skewed; use median/IQR, not mean/std"
nakshatra,Karthigai,1660,50.94,41.0,30.0,62.25,32.25,29.17,1.348,9.94,median,"Wind is right-skewed; use median/IQR, not mean/std"
nakshatra,Kettai,1677,49.77,43.0,30.0,60.0,30.0,26.8,1.265,6.77,median,"Wind is right-skewed; use median/IQR, not mean/std"
nakshatra,Magam,1795,48.92,40.0,30.0,60.0,30.0,26.14,1.348,8.92,median,"Wind is right-skewed; use median/IQR, not mean/std"
nakshatra,Mirugasirisham,1868,48.63,40.0,30.0,55.0,25.0,27.43,1.375,8.63,median,"Wind is right-skewed; use median/IQR, not mean/std"
nakshatra,Moolam,1658,50.87,40.0,30.0,65.0,35.0,28.74,1.084,10.87,median,"Wind is right-skewed; use median/IQR, not mean/std"
nakshatra,Pooradam,1719,49.45,40.0,30.0,64.0,34.0,27.31,1.231,9.45,median,"Wind is right-skewed; use median/IQR, not mean/std"
nakshatra,Pooram,1673,50.99,43.0,30.0,63.0,33.0,27.9,1.391,7.99,median,"Wind is right-skewed; use median/IQR, not mean/std"
nakshatra,Poorattathi,1565,50.19,40.0,30.0,63.0,33.0,27.09,1.281,10.19,median,"Wind is right-skewed; use median/IQR, not mean/std"
nakshatra,Poosam,1771,48.93,40.0,30.0,55.0,25.0,26.12,1.48,8.93,median,"Wind is right-skewed; use median/IQR, not mean/std"
nakshatra,Punarpoosam,1802,47.73,40.0,30.0,59.75,29.75,25.1,1.247,7.73,median,"Wind is right-skewed; use median/IQR, not mean/std"
nakshatra,Revathi,1509,50.65,40.0,30.0,60.0,30.0,28.72,1.409,10.65,median,"Wind is right-skewed; use median/IQR, not mean/std"
nakshatra,Rohini,1630,52.82,45.0,30.0,70.0,40.0,29.55,1.089,7.82,median,"Wind is right-skewed; use median/IQR, not mean/std"
nakshatra,Sathayam,1677,48.56,40.0,30.0,60.0,30.0,25.7,1.475,8.56,median,"Wind is right-skewed; use median/IQR, not mean/std"
nakshatra,Swathi,1766,51.08,42.0,30.0,62.0,32.0,27.72,1.379,9.08,median,"Wind is right-skewed; use median/IQR, not mean/std"
nakshatra,Thiruvathirai,1791,47.71,38.0,30.0,59.5,29.5,26.87,1.497,9.71,median,"Wind is right-skewed; use median/IQR, not mean/std"
nakshatra,Thiruvonam,1603,48.08,40.0,30.0,60.0,30.0,25.62,1.216,8.08,median,"Wind is right-skewed; use median/IQR, not mean/std"
nakshatra,Uthiradam,1702,48.27,40.0,30.0,60.0,30.0,26.51,1.446,8.27,median,"Wind is right-skewed; use median/IQR, not mean/std"
nakshatra,Uthiram,1678,51.87,43.0,30.0,65.0,35.0,27.49,1.173,8.87,median,"Wind is right-skewed; use median/IQR, not mean/std"
nakshatra,Uthirattathi,1578,51.22,42.0,30.0,63.0,33.0,28.99,1.336,9.22,median,"Wind is right-skewed; use median/IQR, not mean/std"
nakshatra,Visakam,1795,47.68,40.0,30.0,55.0,25.0,25.07,1.461,7.68,median,"Wind is right-skewed; use median/IQR, not mean/std"
yoga,Atiganda,1571,48.38,40.0,30.0,60.0,30.0,26.99,1.452,8.38,median,"Wind is right-skewed; use median/IQR, not mean/std"
yoga,Ayushmana,1717,49.64,43.0,30.0,60.0,30.0,25.83,1.202,6.64,median,"Wind is right-skewed; use median/IQR, not mean/std"
yoga,Brahma,1713,47.79,38.0,30.0,55.0,25.0,26.75,1.454,9.79,median,"Wind is right-skewed; use median/IQR, not mean/std"
yoga,Dhriti,1586,50.74,40.0,30.0,64.0,34.0,29.83,1.374,10.74,median,"Wind is right-skewed; use median/IQR, not mean/std"
yoga,Dhruva,1599,49.64,40.0,30.0,60.0,30.0,27.89,1.504,9.64,median,"Wind is right-skewed; use median/IQR, not mean/std"
yoga,Ganda,1599,53.35,43.0,30.0,67.0,37.0,30.99,1.113,10.35,median,"Wind is right-skewed; use median/IQR, not mean/std"
yoga,Harshana,1771,48.15,40.0,30.0,57.0,27.0,25.99,1.366,8.15,median,"Wind is right-skewed; use median/IQR, not mean/std"
yoga,Indra,1607,50.06,40.0,30.0,63.0,33.0,27.15,1.309,10.06,median,"Wind is right-skewed; use median/IQR, not mean/std"
yoga,Parigha,1805,50.25,40.0,30.0,64.0,34.0,27.19,1.134,10.25,median,"Wind is right-skewed; use median/IQR, not mean/std"
yoga,Priti,1607,52.19,45.0,30.0,70.0,40.0,26.71,1.099,7.19,median,"Wind is right-skewed; use median/IQR, not mean/std"
yoga,Sadhya,1799,47.87,40.0,30.0,58.0,28.0,24.51,1.365,7.87,median,"Wind is right-skewed; use median/IQR, not mean/std"
yoga,Saubhagya,1668,47.92,40.0,30.0,58.0,28.0,24.18,1.386,7.92,median,"Wind is right-skewed; use median/IQR, not mean/std"
yoga,Shiva,1856,50.81,40.0,30.0,64.0,34.0,27.38,1.17,10.81,median,"Wind is right-skewed; use median/IQR, not mean/std"
yoga,Shobhana,1551,48.44,40.0,30.0,60.0,30.0,25.62,1.507,8.44,median,"Wind is right-skewed; use median/IQR, not mean/std"
yoga,Shubha,1795,49.87,40.0,30.0,58.0,28.0,28.33,1.556,9.87,median,"Wind is right-skewed; use median/IQR, not mean/std"
yoga,Shukla,1785,48.9,40.0,30.0,55.0,25.0,27.66,1.665,8.9,median,"Wind is right-skewed; use median/IQR, not mean/std"
yoga,Shula,1597,51.47,40.0,30.0,65.0,35.0,29.15,1.257,11.47,median,"Wind is right-skewed; use median/IQR, not mean/std"
yoga,Siddha,1772,51.13,45.0,30.0,64.25,34.25,26.26,1.09,6.13,median,"Wind is right-skewed; use median/IQR, not mean/std"
yoga,Siddhi,1734,48.17,40.0,30.0,57.0,27.0,25.03,1.446,8.17,median,"Wind is right-skewed; use median/IQR, not mean/std"
yoga,Sukarma,1507,48.34,40.0,30.0,55.0,25.0,27.31,1.77,8.34,median,"Wind is right-skewed; use median/IQR, not mean/std"
yoga,Vaidhriti,1530,51.35,45.0,30.0,64.0,34.0,27.94,1.195,6.35,median,"Wind is right-skewed; use median/IQR, not mean/std"
yoga,Vajra,1941,47.93,39.0,30.0,55.0,25.0,28.33,1.673,8.93,median,"Wind is right-skewed; use median/IQR, not mean/std"
yoga,Variyana,1752,49.44,40.0,30.0,60.0,30.0,27.01,1.303,9.44,median,"Wind is right-skewed; use median/IQR, not mean/std"
yoga,Vishkambha,1615,51.5,45.0,30.0,65.0,35.0,26.93,1.029,6.5,median,"Wind is right-skewed; use median/IQR, not mean/std"
yoga,Vriddhi,1602,52.71,43.0,30.0,70.0,40.0,29.75,1.173,9.71,median,"Wind is right-skewed; use median/IQR, not mean/std"
yoga,Vyaghata,1708,50.46,40.0,30.0,60.0,30.0,27.07,1.256,10.46,median,"Wind is right-skewed; use median/IQR, not mean/std"
yoga,Vyatipata,1766,48.45,40.0,30.0,60.0,30.0,24.9,1.329,8.45,median,"Wind is right-skewed; use median/IQR, not mean/std"
karana,Balava,5819,50.22,42.0,30.0,60.0,30.0,27.37,1.382,8.22,median,"Wind is right-skewed; use median/IQR, not mean/std"
karana,Bava,6106,50.39,40.0,30.0,63.0,33.0,27.99,1.301,10.39,median,"Wind is right-skewed; use median/IQR, not mean/std"
karana,Chatushpada,841,51.67,43.0,30.0,69.0,39.0,28.69,1.213,8.67,median,"Wind is right-skewed; use median/IQR, not mean/std"
karana,Garaja,6184,48.88,40.0,30.0,60.0,30.0,27.02,1.403,8.88,median,"Wind is right-skewed; use median/IQR, not mean/std"
karana,Kaulava,6251,50.31,40.0,30.0,60.0,30.0,28.39,1.341,10.31,median,"Wind is right-skewed; use median/IQR, not mean/std"
karana,Kinstughna,834,47.48,40.0,30.0,60.0,30.0,24.66,1.415,7.48,median,"Wind is right-skewed; use median/IQR, not mean/std"
karana,Nagava,827,47.91,40.0,30.0,58.0,28.0,25.03,1.363,7.91,median,"Wind is right-skewed; use median/IQR, not mean/std"
karana,Shakuni,825,49.11,39.0,30.0,60.0,30.0,27.52,1.345,10.11,median,"Wind is right-skewed; use median/IQR, not mean/std"
karana,Taitila,5873,48.98,40.0,30.0,58.0,28.0,26.12,1.396,8.98,median,"Wind is right-skewed; use median/IQR, not mean/std"
karana,Vanija,6065,51.04,42.0,30.0,65.0,35.0,27.53,1.265,9.04,median,"Wind is right-skewed; use median/IQR, not mean/std"
karana,Vishti,5928,49.0,40.0,30.0,60.0,30.0,26.07,1.369,9.0,median,"Wind is right-skewed; use median/IQR, not mean/std"
weekday,Budhan,6447,50.58,40.0,30.0,63.0,33.0,27.81,1.321,10.58,median,"Wind is right-skewed; use median/IQR, not mean/std"
weekday,Cani,6585,48.86,40.0,30.0,60.0,30.0,26.55,1.447,8.86,median,"Wind is right-skewed; use median/IQR, not mean/std"
weekday,Cevvai,6483,50.14,40.0,30.0,60.0,30.0,27.95,1.309,10.14,median,"Wind is right-skewed; use median/IQR, not mean/std"
weekday,Gnayiru,6581,49.36,40.0,30.0,60.0,30.0,26.06,1.301,9.36,median,"Wind is right-skewed; use median/IQR, not mean/std"
weekday,Thingal,6519,49.97,42.0,30.0,60.0,30.0,26.96,1.309,7.97,median,"Wind is right-skewed; use median/IQR, not mean/std"
weekday,Velli,6493,49.72,40.0,30.0,60.0,30.0,27.26,1.389,9.72,median,"Wind is right-skewed; use median/IQR, not mean/std"
weekday,Viyalan,6445,49.85,40.0,30.0,60.0,30.0,27.77,1.373,9.85,median,"Wind is right-skewed; use median/IQR, not mean/std"
paksha,Krishna Paksha,22705,50.28,40.0,30.0,60.0,30.0,27.51,1.304,10.28,median,"Wind is right-skewed; use median/IQR, not mean/std"
paksha,Shukla Paksha,22848,49.28,40.0,30.0,60.0,30.0,26.88,1.402,9.28,median,"Wind is right-skewed; use median/IQR, not mean/std"
moonsign,Dhanu,3846,49.71,40.0,30.0,63.0,33.0,27.94,1.234,9.71,median,"Wind is right-skewed; use median/IQR, not mean/std"
moonsign,Kanya,3832,51.88,42.0,30.0,65.0,35.0,28.13,1.269,9.88,median,"Wind is right-skewed; use median/IQR, not mean/std"
moonsign,Karka,3942,49.09,41.0,30.0,60.0,30.0,25.55,1.338,8.09,median,"Wind is right-skewed; use median/IQR, not mean/std"
moonsign,Kumbha,3666,49.85,40.0,30.0,62.0,32.0,27.04,1.357,9.85,median,"Wind is right-skewed; use median/IQR, not mean/std"
moonsign,Makara,3640,48.57,40.0,30.0,60.0,30.0,26.4,1.371,8.57,median,"Wind is right-skewed; use median/IQR, not mean/std"
moonsign,Meena,3487,50.41,40.0,30.0,60.0,30.0,28.17,1.386,10.41,median,"Wind is right-skewed; use median/IQR, not mean/std"
moonsign,Mesha,3649,49.71,40.0,30.0,60.0,30.0,28.26,1.47,9.71,median,"Wind is right-skewed; use median/IQR, not mean/std"
moonsign,Mithuna,4028,47.89,40.0,30.0,60.0,30.0,26.34,1.362,7.89,median,"Wind is right-skewed; use median/IQR, not mean/std"
moonsign,Simha,3882,49.86,40.0,30.0,60.0,30.0,26.59,1.369,9.86,median,"Wind is right-skewed; use median/IQR, not mean/std"
moonsign,Tula,4012,50.02,40.0,30.0,60.0,30.0,26.65,1.386,10.02,median,"Wind is right-skewed; use median/IQR, not mean/std"
moonsign,Vrishabha,3785,51.39,42.0,30.0,65.0,35.0,29.48,1.273,9.39,median,"Wind is right-skewed; use median/IQR, not mean/std"
moonsign,Vrishchika,3784,49.08,40.0,30.0,60.0,30.0,25.57,1.348,9.08,median,"Wind is right-skewed; use median/IQR, not mean/std"
sunsign,Dhanu,2829,42.13,35.0,25.0,50.0,25.0,24.78,1.7,7.13,median,"Wind is right-skewed; use median/IQR, not mean/std"
sunsign,Kanya,7088,53.84,45.0,33.0,65.0,32.0,28.39,1.221,8.84,median,"Wind is right-skewed; use median/IQR, not mean/std"
sunsign,Karka,5772,46.46,40.0,30.0,55.0,25.0,23.55,1.447,6.46,median,"Wind is right-skewed; use median/IQR, not mean/std"
sunsign,Kumbha,3338,51.72,45.0,30.0,64.0,34.0,27.08,1.165,6.72,median,"Wind is right-skewed; use median/IQR, not mean/std"
sunsign,Makara,3392,46.64,39.0,29.0,55.0,26.0,25.29,1.267,7.64,median,"Wind is right-skewed; use median/IQR, not mean/std"
sunsign,Meena,2363,51.75,43.0,30.0,63.0,33.0,27.64,1.192,8.75,median,"Wind is right-skewed; use median/IQR, not mean/std"
sunsign,Mesha,1283,48.77,39.0,30.0,58.0,28.0,28.7,1.581,9.77,median,"Wind is right-skewed; use median/IQR, not mean/std"
sunsign,Mithuna,2631,45.57,38.0,30.0,55.0,25.0,24.17,1.602,7.57,median,"Wind is right-skewed; use median/IQR, not mean/std"
sunsign,Simha,7423,54.63,45.0,30.0,70.0,40.0,29.96,1.095,9.63,median,"Wind is right-skewed; use median/IQR, not mean/std"
sunsign,Tula,4852,51.03,43.0,30.0,63.0,33.0,28.55,1.44,8.03,median,"Wind is right-skewed; use median/IQR, not mean/std"
sunsign,Vrishabha,1769,48.96,40.0,30.0,58.0,28.0,26.03,1.602,8.96,median,"Wind is right-skewed; use median/IQR, not mean/std"
sunsign,Vrishchika,2813,43.82,35.0,28.0,54.0,26.0,23.02,1.557,8.82,median,"Wind is right-skewed; use median/IQR, not mean/std"
drik_ritu,Grishma (Summer),3335,48.75,40.0,30.0,60.0,30.0,27.11,1.43,8.75,median,"Wind is right-skewed; use median/IQR, not mean/std"
drik_ritu,Hemant (Prewinter),7083,47.33,40.0,30.0,55.0,25.0,26.56,1.643,7.33,median,"Wind is right-skewed; use median/IQR, not mean/std"
drik_ritu,Sharad (Autumn),15723,54.6,45.0,33.0,70.0,37.0,28.98,1.145,9.6,median,"Wind is right-skewed; use median/IQR, not mean/std"
drik_ritu,Shishir (Winter),3768,40.42,35.0,25.0,48.0,23.0,21.23,1.643,5.42,median,"Wind is right-skewed; use median/IQR, not mean/std"
drik_ritu,Varsha (Monsoon),11846,48.25,40.0,30.0,59.0,29.0,25.6,1.312,8.25,median,"Wind is right-skewed; use median/IQR, not mean/std"
drik_ritu,Vasant (Spring),3798,49.34,40.0,30.0,58.0,28.0,27.24,1.433,9.34,median,"Wind is right-skewed; use median/IQR, not mean/std"
drik_ayana,Dakshinayana,30791,50.62,40.0,30.0,63.0,33.0,27.61,1.339,10.62,median,"Wind is right-skewed; use median/IQR, not mean/std"
drik_ayana,Uttarayana,14762,48.03,40.0,30.0,57.0,27.0,26.26,1.372,8.03,median,"Wind is right-skewed; use median/IQR, not mean/std"
