,RandomForest,XGBoost,LightGBM,mean_importance
longitude,0.08055701966890957,0.0056648506,0.09029579657498703,0.058839222276353076
latitude,0.04386016495964414,0.0063930866,0.07576543850544888,0.04200623003198135
spline_end_lon,0.05622739956603058,0.009222046,0.03667185608026293,0.034040433729034376
dinamana_minutes,0.022615425499397275,0.0064087245,0.033039266562878394,0.020687805510159023
vedic_chandra_speed_deg_per_day,0.02729651396466417,0.005914826,0.027676872513405986,0.02029607080805425
spline_bearing_deg,0.021655108984938717,0.006529234,0.027849852966614772,0.018678065278539945
elevation,0.023136895421454348,0.008147878,0.022487458917142364,0.01792407732653964
ratrimana_minutes,0.025373200097473764,0.015663145,0.011070749005362394,0.01736903140428242
mars_ecliptic_lat_deg,0.02437560723118064,0.010695812,0.015395260335582079,0.016822226619719913
sun_dec_deg,0.033361533974239396,0.006444515,0.008822003113648157,0.01620935076087714
spline_end_lat,0.045575651029728464,0.0,0.0,0.015191883676576154
vedic_arun_speed_deg_per_day,0.012374238532939352,0.02990674,0.0015568240788790867,0.014612601007978164
vedic_budha_speed_deg_per_day,0.01436117347025748,0.008185745,0.019200830306175403,0.013915916331112985
mercury_ecliptic_lat_deg,0.013219102184463996,0.005517702,0.022487458917142364,0.013741421061880347
mercury_dec_deg,0.022809628856784846,0.00817708,0.008476042207230583,0.013154250418562427
venus_ecliptic_lat_deg,0.011665442377715794,0.0067668133,0.01989275211901055,0.012775002612751508
vedic_chandra_full_degree,0.013577043858965552,0.006097508,0.01850890849334025,0.012727820160346083
saturn_dec_deg,0.019229333187358526,0.011268189,0.007438159487977858,0.012645227284084487
neptune_ecliptic_lon_deg,0.015556514533488237,0.015615377,0.005708354955889984,0.01229341537773824
nearest_lat,0.01220170708738198,0.0067141065,0.015914201695208442,0.011610005106664031
vedic_budha_full_degree,0.014514519312280219,0.009434144,0.008994983566856945,0.01098121563058905
vedic_surya_declination,0.01051492678093409,0.017307485,0.004497491783428472,0.010773301028941485
vedic_varun_right_ascension,0.009346534498575497,0.01496521,0.007611139941186646,0.010640961516570418
moon_ecliptic_lat_deg,0.01182077781806945,0.0038152426,0.015914201695208442,0.010516740689423444
vedic_spashth_rahu_speed_deg_per_day,0.006834566849220919,0.004676472,0.01937381075938419,0.010294949846200772
vedic_guru_full_degree,0.00808585271396409,0.012567671,0.01003286628610967,0.01022879667197747
jupiter_ecliptic_lon_deg,0.011234158669803363,0.0125901345,0.005535374502681197,0.009786555896280979
day_of_year,0.009914693317329892,0.0118889455,0.007265179034769071,0.009689605942439882
vedic_rahu_full_degree,0.00775941151264055,0.012259451,0.0069192181283514965,0.008979360127368092
jupiter_dec_deg,0.008290848171358473,0.009357989,0.008822003113648157,0.008823613373129244
venus_dec_deg,0.007958155959772912,0.0068951505,0.010897768552153606,0.00858369167851976
spline_length_deg,0.006688752012570218,0.0016873968,0.017125064867669952,0.008500404554540623
saturn_ecliptic_lat_deg,0.006605753105385848,0.015450343,0.003286628610966961,0.008447574758225716
vedic_shukra_speed_deg_per_day,0.006262975170609374,0.011160683,0.007265179034769071,0.008229612364072452
nearest_lon,0.006218479249349037,0.010812573,0.007611139941186646,0.008214064108478273
vedic_shukra_declination,0.006784787240509409,0.011440653,0.006227296315516347,0.008150912303318424
vedic_budha_declination,0.007984484257261696,0.009097247,0.007265179034769071,0.008115636892173117
vedic_mangal_full_degree,0.008956600445001668,0.0061826035,0.009167964020065733,0.008102389334367915
neptune_ra_hours,0.0070115003045706755,0.011449952,0.005016433143054835,0.00782596170871333
moon_dec_deg,0.006414511063554205,0.002777134,0.014184397163120567,0.0077920140983283445
vedic_surya_full_degree,0.005008485581195444,0.011257938,0.006573257221933922,0.007613226970822551
vedic_mangal_padam,0.005131011526858212,0.0071127824,0.010551807645736032,0.007598533873708148
vedic_spashth_rahu_right_ascension,0.010517200899956614,0.0072077396,0.005016433143054835,0.007580457891862718
lahiri_ayanamsha,0.005850798358908844,0.016591555,0.0001729804532087874,0.007538444439910271
vedic_surya_speed_deg_per_day,0.00038918281219350355,0.021093093,0.0005189413596263622,0.0073337390102037395
vedic_guru_speed_deg_per_day,0.005445456960379479,0.010316957,0.006054315862307559,0.007272243203662835
vedic_spashth_rahu_full_degree,0.009631533758989213,0.0053602736,0.006573257221933922,0.00718835487508375
mercury_ecliptic_lon_deg,0.005668256114698088,0.008578517,0.0070921985815602835,0.007112990413056634
vedic_shani_declination,0.0005610786156140563,0.018201917,0.0024217263449230237,0.007061574123477976
moon_ra_hours,0.00582688147475182,0.0022546723,0.012800553537450268,0.006960702453567128
sun_ra_hours,0.00655229791465904,0.0056937193,0.008130081300813009,0.006792032824047111
vedic_mangal_declination,0.005124850900277878,0.009468896,0.005708354955889984,0.006767367390223208
vedic_shukra_full_degree,0.005043273916616727,0.009027738,0.006054315862307559,0.006708442634352148
vedic_arun_full_degree,0.0046827803154337565,0.010929626,0.004497491783428472,0.006703299503850638
venus_ecliptic_lon_deg,0.006307603980648533,0.0104464665,0.003286628610966961,0.006680233032380997
vedic_ketu_declination,0.001175213972385794,0.016027229,0.0027676872513405985,0.006656710043492358
vedic_chandra_right_ascension,0.005698170542733878,0.008452676,0.005708354955889984,0.006619733911751116
mars_dec_deg,0.007905482195815867,0.005647193,0.006054315862307559,0.006535663744310881
jupiter_ecliptic_lat_deg,0.006114888546311801,0.0068300017,0.006573257221933922,0.006506049161272137
day_of_week,0.00729922363712263,0.0021416682,0.01003286628610967,0.006491252717221611
vedic_spashth_rahu_padam,0.0012463123476333887,0.016466223,0.0015568240788790867,0.0064231197099897845
vedic_shukra_padam,0.007846555017625738,0.0050280425,0.005708354955889984,0.006194317483379991
vedic_shukra_right_ascension,0.005236742954368739,0.010419548,0.002594706798131811,0.006083665770110454
sun_ecliptic_lon_deg,0.004906021006519357,0.007255017,0.005708354955889984,0.00595646426283418
vedic_chandra_declination,0.006766178852474992,0.003974591,0.0069192181283514965,0.0058866626323376865
uranus_ecliptic_lat_deg,0.00302646307691278,0.013063815,0.0015568240788790867,0.005882367526049332
vedic_yam_full_degree,0.0022233544229241183,0.012158385,0.0031136481577581734,0.005831795709106608
vedic_shani_speed_deg_per_day,0.0017249208720507357,0.0119741345,0.0036325895173845357,0.005777214957292868
jupiter_ra_hours,0.004608996874919642,0.006788832,0.005881335409098772,0.005759721473172312
vedic_budha_right_ascension,0.004651914534215567,0.0059682475,0.006573257221933922,0.005731139765481538
vedic_yam_declination,0.0038013586547960736,0.008241929,0.005016433143054835,0.0056865736372386025
vedic_guru_declination,0.002511289821456408,0.008343528,0.005881335409098772,0.005578717751802485
moon_ecliptic_lon_deg,0.0056203784928913056,0.0059211394,0.005189413596263622,0.005576977156993617
neptune_dec_deg,0.002016783215096904,0.012093611,0.002594706798131811,0.005568367024933914
vedic_yam_right_ascension,0.0023396087755697867,0.011887158,0.002248745891714236,0.0054918376448280055
vedic_surya_padam,0.0034266393544210346,0.0045244345,0.008476042207230583,0.005475705337555141
vedic_shani_padam,0.003402336499016209,0.010525187,0.002248745891714236,0.005392089645625772
mars_ra_hours,0.0034549129004491546,0.0059556165,0.006573257221933922,0.005327928866753325
vedic_mangal_speed_deg_per_day,0.0025143801404239018,0.0066795354,0.006746237675142709,0.005313384397779091
venus_ra_hours,0.005922944589367437,0.0034574678,0.006400276768725134,0.0052602297094321735
mercury_ra_hours,0.0046378298289141496,0.004437408,0.006573257221933922,0.005216164998399835
vedic_budha_padam,0.0034770977354183323,0.004366874,0.007611139941186646,0.005151703968589303
mars_ecliptic_lon_deg,0.005062960258952876,0.0071681775,0.0031136481577581734,0.005114928643993125
vedic_varun_declination,0.00040253402960777057,0.012004603,0.0019027849852966616,0.004769973905125437
spline_displacement,0.002395423779697309,0.005103562,0.006573257221933922,0.004690747676282396
vedic_yam_speed_deg_per_day,0.00027963980923726475,0.012819018,0.0008649022660439371,0.004654520096740742
neptune_ecliptic_lat_deg,0.004807266466793966,0.0062162424,0.0027676872513405985,0.004597065387301578
spline_curvature,0.004335869792887065,0.0039535337,0.00536239404947241,0.004550599185044663
vedic_rahu_right_ascension,0.0036302985916620346,0.007411343,0.002594706798131811,0.004545449478442183
vedic_guru_padam,0.0020861518318611837,0.008226065,0.0031136481577581734,0.004475288318249418
year,0.007521590763295298,0.003971794,0.0019027849852966616,0.004465389967695654
saturn_ra_hours,0.003988085131481898,0.005863732,0.003286628610966961,0.004379481978371399
vedic_rahu_padam,0.0009739417916784063,0.0096663525,0.0024217263449230237,0.0043540068898018135
uranus_ra_hours,0.0023806216941582806,0.009041585,0.0015568240788790867,0.004326343600402969
saturn_ecliptic_lon_deg,0.0028216234316616883,0.0070630764,0.002248745891714236,0.004044481896371677
vedic_arun_padam,0.0005517404765501593,0.010143581,0.0008649022660439371,0.003853407863027524
vedic_varun_padam,0.0005526845611120852,0.010305023,0.0006919218128351496,0.0038498763982591933
vedic_arun_declination,0.00044303644090432055,0.010240897,0.0005189413596263622,0.003734291468495293
vedic_arun_right_ascension,0.000998150586206681,0.0072794687,0.0027676872513405985,0.0036817688459456683
vedic_shani_full_degree,0.0012131282695763141,0.0062535345,0.0031136481577581734,0.003526770296545804
vedic_spashth_rahu_declination,0.0018163106706674782,0.00643012,0.002248745891714236,0.003498392256583681
vedic_varun_speed_deg_per_day,0.001018833156324405,0.0061701247,0.003286628610966961,0.00349186217138348
vedic_mangal_right_ascension,0.0030592867264778133,0.004921072,0.0024217263449230237,0.003467361744696205
vedic_shani_right_ascension,0.0012282899282729629,0.008131803,0.0010378827192527244,0.0034659918869700095
vedic_rahu_declination,0.0015985311622350967,0.0056000557,0.002594706798131811,0.0032644312133486082
vedic_spashth_ketu_declination,0.0022059060779593817,0.0068018087,0.0003459609064175748,0.003117891900989628
vedic_surya_right_ascension,0.002680344394579667,0.0031522333,0.0031136481577581734,0.002982075289323196
spline_point_count,0.003111104179501607,0.0023617921,0.003286628610966961,0.0029198416433925214
uranus_dec_deg,0.003082784160925458,0.004381518,0.0005189413596263622,0.0026610811334055726
vedic_guru_right_ascension,0.0033256969950831126,0.0027487103,0.0017298045320878741,0.0026014039544448755
vedic_spashth_ketu_right_ascension,0.001855828334741369,0.0039718803,0.0017298045320878741,0.0025191710562207986
vedic_varun_full_degree,0.0006372336600244324,0.0054703015,0.0008649022660439371,0.0023241458054484737
vedic_spashth_ketu_speed_deg_per_day,0.0067962465495600395,0.0,0.0,0.002265415516520013
vedic_spashth_ketu_full_degree,0.0022644613260938825,0.003238067,0.0006919218128351496,0.00206481672327857
vedic_yam_padam,0.0004952561909336967,0.0056359083,0.0,0.002043721510035433
uranus_ecliptic_lon_deg,0.002100215714403325,0.0027792763,0.0008649022660439371,0.0019147981078365941
vedic_spashth_ketu_padam,0.0006606122851765926,0.0019207232,0.0008649022660439371,0.0011487459303705868
vedic_ketu_right_ascension,0.001147822746742387,0.0020459136,0.0001729804532087874,0.001122238933127563
mars_cos_az,0.0001934754841367572,0.00059443887,0.0024217263449230237,0.0010698802325448597
vedic_ketu_padam,0.0009467889465520345,0.0015671122,0.0006919218128351496,0.0010686076416301293
timezone_offset,0.003005304751497756,0.0,0.0,0.0010017682504992519
hour_utc,3.194168003197392e-05,0.0010406666,0.0019027849852966616,0.0009917977540975457
saturn_cos_alt,0.00017070812667136303,0.0011890085,0.0013838436256702993,0.0009145200746325568
uranus_sin_az,0.00012592691359562748,0.0012294941,0.0012108631724615118,0.0008554280658898595
uranus_cos_az,0.0001476688083114253,0.00085401355,0.0015568240788790867,0.0008528354776982735
sun_sin_az,0.00015263880791988057,0.00048430177,0.0019027849852966616,0.0008465751866876237
venus_cos_alt,0.00011632777107194233,0.00077941915,0.0015568240788790867,0.000817523665942063
moon_cos_az,0.00036141434202724936,0.0005053109,0.0015568240788790867,0.0008078497705456021
venus_cos_az,0.00022491099335063464,0.0011052582,0.0010378827192527244,0.0007893506512997245
mercury_cos_alt,9.054879076782957e-05,0.0005012173,0.0017298045320878741,0.0007738568811390376
vedic_lagna_speed_deg_per_day,0.00016904649452811828,0.000561036,0.0015568240788790867,0.0007623021894377278
jupiter_cos_alt,8.868691248519085e-05,0.0003868446,0.0017298045320878741,0.0007351120124801614
neptune_cos_alt,0.00033366463372243717,0.0008123942,0.0010378827192527244,0.0007279805160704758
mars_cos_alt,8.329676755687701e-05,0.00052947644,0.0015568240788790867,0.0007231990959596434
mars_altitude_deg,9.210183204348621e-05,0.0009879192,0.0010378827192527244,0.0007059679050621312
jupiter_altitude_deg,6.956443793255858e-05,0.0005957494,0.0013838436256702993,0.0006830524925543743
neptune_sin_az,0.00013053751953490884,0.00094231975,0.0008649022660439371,0.0006459198445235686
vedic_lagna_full_degree,0.00012726150554348897,0.000769255,0.0010378827192527244,0.0006447997363767748
moon_cos_alt,0.00011435573902861059,0.0005477849,0.0012108631724615118,0.0006243346053246094
jupiter_sin_az,0.00011702988900451125,0.00085444725,0.0008649022660439371,0.000612126468744741
venus_sin_az,0.00010989342094947666,0.00049039896,0.0012108631724615118,0.0006037185181767807
neptune_altitude_deg,0.00013708067634303047,0.0012837609,0.0003459609064175748,0.0005889341546040089
vedic_lagna_declination,0.00013536659789409525,0.001451869,0.0001729804532087874,0.0005867386935515423
moon_sin_az,0.00020610834396101097,0.00027251345,0.0012108631724615118,0.0005631616569898916
vedic_lagna_padam,7.962294270999898e-05,0.0005217588,0.0010378827192527244,0.0005464214886868316
saturn_cos_az,0.0001500178134612351,0.0007408165,0.0006919218128351496,0.0005275853839818881
uranus_azimuth_deg,0.00012782166265671406,0.00058775546,0.0008649022660439371,0.0005268264645497883
jupiter_azimuth_deg,0.00015192843783146137,0.00054107216,0.0008649022660439371,0.0005193009560239731
venus_azimuth_deg,0.00012587935498132433,0.0005474061,0.0008649022660439371,0.0005127292366839141
mars_sin_az,8.097352347452265e-05,0.0007382614,0.0006919218128351496,0.0005037189067559444
sun_ecliptic_lat_deg,0.00017586569102899353,0.0002957687,0.0010378827192527244,0.0005031723686441135
uranus_altitude_deg,6.409580821462728e-05,0.00088244147,0.0005189413596263622,0.0004884928789478349
neptune_cos_az,0.00018407445217198532,0.0003725079,0.0008649022660439371,0.0004738282062270674
mercury_sin_az,0.00013677767017394253,0.0005837282,0.0006919218128351496,0.000470809225438175
sun_cos_az,0.0001289426591834943,0.00037573144,0.0008649022660439371,0.000456525455318033
mercury_altitude_deg,8.237232265518484e-05,0.00076664425,0.0005189413596263622,0.0004559859788694558
saturn_altitude_deg,9.699464024264938e-05,0.00032897264,0.0008649022660439371,0.0004302898503082855
moon_azimuth_deg,0.00022510567736140158,0.00017177078,0.0008649022660439371,0.00042059290721905017
uranus_cos_alt,0.0001179473630863088,0.0005877943,0.0005189413596263622,0.000408227670723738
moon_altitude_deg,0.00010533651310370728,0.0004266969,0.0006919218128351496,0.0004079850768027128
mars_azimuth_deg,0.00016908212747783773,0.0005019626,0.0005189413596263622,0.00039666203285198165
saturn_sin_az,0.00010831626753792414,0.0007333307,0.0003459609064175748,0.0003958692817217803
mercury_azimuth_deg,7.59113150346082e-05,0.00074391847,0.0003459609064175748,0.00038859689718640064
sun_azimuth_deg,8.50137361925324e-05,0.00020046168,0.0008649022660439371,0.00038345922859949833
neptune_azimuth_deg,9.657008541518646e-05,0.00050655636,0.0005189413596263622,0.00037402260169752823
vedic_ketu_full_degree,0.0011156723150602982,0.0,0.0,0.0003718907716867661
venus_altitude_deg,7.433445454526617e-05,0.00048898376,0.0005189413596263622,0.0003607531908103977
vedic_lagna_right_ascension,0.00011563723811436806,0.00025979098,0.0006919218128351496,0.00035578334264899417
saturn_azimuth_deg,0.00010815968119658019,0.00021674787,0.0006919218128351496,0.0003389431203250695
mercury_cos_az,0.00013163569766976637,0.00034287226,0.0005189413596263622,0.0003311497710035796
sun_altitude_deg,6.536861114291456e-05,0.00033002993,0.0005189413596263622,0.00030477996645345966
sun_cos_alt,0.00016435278117081333,0.00021207414,0.0005189413596263622,0.00029845609393842274
jupiter_cos_az,0.0001547996626357127,0.00029131369,0.0003459609064175748,0.00026402475135480207
vedic_chandra_padam,5.1740662332817805e-05,0.0005527523,0.0001729804532087874,0.0002591578012000018
mars_sin_alt,0.00010057197792811571,0.0,0.0003459609064175748,0.00014884429478189684
saturn_sin_alt,7.243584291123705e-05,0.0,0.0001729804532087874,8.180543204000816e-05
month,3.727662626570398e-05,0.0,0.0001729804532087874,7.008569315816379e-05
venus_sin_alt,0.00011811238951214768,0.0,0.0,3.937079650404923e-05
mercury_sin_alt,0.00011586250702501469,0.0,0.0,3.8620835675004896e-05
jupiter_sin_alt,0.00011417471500650898,0.0,0.0,3.805823833550299e-05
neptune_sin_alt,9.361727763139508e-05,0.0,0.0,3.120575921046503e-05
moon_sin_alt,9.195485954855726e-05,0.0,0.0,3.0651619849519086e-05
uranus_sin_alt,8.477830460549868e-05,0.0,0.0,2.825943486849956e-05
sun_sin_alt,8.201724541672336e-05,0.0,0.0,2.7339081805574454e-05
vedic_rahu_speed_deg_per_day,0.0,0.0,0.0,0.0
vedic_ketu_speed_deg_per_day,0.0,0.0,0.0,0.0
