feature,importance
latitude,0.0985790131895388
longitude,0.08661751654323628
wind,0.046381592109393736
pressure,0.03569376200239132
vedic_chandra_speed_deg_per_day,0.015179876562365904
movement_speed,0.012164683439336375
mercury_ecliptic_lat_deg,0.011943361059228849
venus_ecliptic_lat_deg,0.011934472159273304
spline_bearing_deg,0.010416240861333175
moon_ecliptic_lat_deg,0.010029474378479758
tamil_yoga,0.009882803394888087
karana,0.009516422711443175
vedic_chandra_full_degree,0.009168192898854781
vedic_budha_speed_deg_per_day,0.009133858679530224
yamaganda,0.008767057573182465
spline_length_deg,0.008740082041359327
gulikai_kalam,0.008720059559787942
vedic_shukra_full_degree,0.008548242257811292
jupiter_ecliptic_lat_deg,0.008431171699620469
vedic_chandra_declination,0.008337459601303996
moon_dec_deg,0.008318509030226545
rahu_kalam,0.008061202073438077
moonsign,0.007908762106641194
mars_ecliptic_lat_deg,0.007689370954703164
day_of_year,0.007522134841484365
vedic_guru_full_degree,0.007307691328638647
vedic_budha_full_degree,0.007255883674279178
vedic_mangal_full_degree,0.007232779368450813
jupiter_dec_deg,0.007168797925389519
displacement,0.007120874166163193
spline_curvature,0.00703455243448705
mars_dec_deg,0.006917268363914069
mercury_dec_deg,0.006718127303039488
moon_ecliptic_lon_deg,0.006586513541824394
venus_dec_deg,0.006292722724126632
sun_dec_deg,0.006178101529205072
jupiter_ecliptic_lon_deg,0.006007605856938346
vedic_chandra_nakshatra,0.005874986829494073
vedic_arun_full_degree,0.005842146655507367
jupiter_ra_hours,0.005472481884534317
vedic_budha_declination,0.0054642126968258145
yoga,0.005463624474058733
moon_sin_az,0.005459724470156582
anandadi_yoga,0.00540753033247862
vedic_chandra_right_ascension,0.005246394239667296
vedic_shukra_declination,0.005204361539377385
vedic_lagna_speed_deg_per_day,0.005163101372639694
tithi,0.005051140809703758
saturn_dec_deg,0.005018456542682663
vedic_surya_full_degree,0.004934293091624152
day_of_week,0.004885859712960114
mars_sin_az,0.004748426950874704
sun_ecliptic_lat_deg,0.004742232168435706
mercury_ra_hours,0.004731930709389635
moon_ra_hours,0.004708301360105114
moon_cos_alt,0.004688543728574612
mercury_ecliptic_lon_deg,0.004615626283650925
mars_azimuth_deg,0.004613598581630479
mars_ecliptic_lon_deg,0.004602003188130051
mars_ra_hours,0.004596269248922099
vedic_guru_right_ascension,0.004493407269881026
vedic_surya_right_ascension,0.004491319448154242
moon_cos_az,0.004482687381541864
moon_azimuth_deg,0.004423373418834442
sun_ra_hours,0.004409694509199995
sun_ecliptic_lon_deg,0.004355736044025773
venus_sin_az,0.004347183530384152
jupiter_cos_az,0.004319212348199669
mars_cos_az,0.004296569850853112
vedic_mangal_right_ascension,0.004186622648992297
vedic_spashth_ketu_speed_deg_per_day,0.0041504482445943475
jupiter_cos_alt,0.004133742899766741
vedic_mangal_declination,0.004112134270605486
venus_ecliptic_lon_deg,0.004066865936328096
vedic_spashth_rahu_speed_deg_per_day,0.003958311796663731
venus_cos_alt,0.003920813633251716
weekday,0.00390797972880692
neptune_ecliptic_lat_deg,0.003866605003999314
vedic_budha_right_ascension,0.003808313235132608
venus_ra_hours,0.003773360164766668
sun_cos_alt,0.003730254194456226
venus_cos_az,0.0036941361647911263
sun_cos_az,0.0036854853088608376
uranus_ecliptic_lat_deg,0.003655462453361753
jupiter_sin_az,0.0036514395563794094
spline_displacement,0.003643963659046678
venus_azimuth_deg,0.0035892393535052643
vedic_shukra_right_ascension,0.0035184136747087283
vedic_surya_declination,0.003486741512187219
mercury_cos_az,0.0034552222374285703
saturn_cos_az,0.0034458275907363087
vedic_shukra_speed_deg_per_day,0.003437637034520354
uranus_cos_alt,0.0034290424512519496
nakshatra,0.003424430112807652
mars_cos_alt,0.003416613207177617
vedic_lagna_nakshatra,0.003376629671369592
mercury_cos_alt,0.0033469368378240215
jupiter_azimuth_deg,0.003324576212056196
moon_sin_alt,0.003320967934025721
saturn_cos_alt,0.003306807799016348
moon_altitude_deg,0.0032773615903096565
neptune_cos_alt,0.003253960576873282
vedic_lagna_right_ascension,0.0031755322792234486
mercury_sin_az,0.003132315039525749
vedic_surya_nakshatra,0.003113519868396526
vedic_guru_declination,0.0029365236162006408
mercury_azimuth_deg,0.0028891121803893294
vedic_varun_speed_deg_per_day,0.002863484937231297
sun_sin_az,0.0028408179510694895
uranus_azimuth_deg,0.002813073157766701
uranus_sin_az,0.0027889443328454316
vedic_lagna_declination,0.002774667328631029
vedic_mangal_speed_deg_per_day,0.002771895751687531
uranus_cos_az,0.0027662322600914935
vedic_lagna_full_degree,0.002758924434095367
sun_azimuth_deg,0.002716241453463754
uranus_dec_deg,0.002532594847834655
mars_altitude_deg,0.0025194548845002026
mars_sin_alt,0.002514361276147912
saturn_sin_az,0.002494790483738362
neptune_sin_az,0.0024925883381751494
vedic_shukra_padam,0.0024818796169890516
vedic_budha_nakshatra,0.0024690443534920855
vedic_yam_declination,0.0024646610213516413
vedic_budha_padam,0.0024455149635639116
sunsign,0.0024452605192618808
saturn_ecliptic_lat_deg,0.0024242900510296145
saturn_ra_hours,0.0023638595692496386
venus_altitude_deg,0.0023603870192992486
vedic_shukra_nakshatra,0.0022744456359341703
saturn_azimuth_deg,0.00224203364141864
neptune_azimuth_deg,0.0022313312033844022
mercury_sin_alt,0.0022022045195396536
neptune_cos_az,0.0022012038586083785
vedic_guru_speed_deg_per_day,0.002198731992803006
venus_sin_alt,0.0021825257894940854
jupiter_sin_alt,0.002082968201778059
jupiter_altitude_deg,0.002013059573810883
vedic_yam_right_ascension,0.0020053392317506066
uranus_ecliptic_lon_deg,0.00200058431252399
mercury_altitude_deg,0.0019626205400125035
neptune_dec_deg,0.001937378714306179
uranus_ra_hours,0.0019369392304221238
saturn_sin_alt,0.0019284492631539388
vedic_surya_padam,0.0019192808166888608
saturn_altitude_deg,0.0018513253399206626
vedic_yam_full_degree,0.0018474833026453782
hour_utc,0.0018157012440997325
sun_sin_alt,0.0017920648286796003
vedic_mangal_padam,0.0017802899885722644
neptune_ra_hours,0.0017764995717875379
saturn_ecliptic_lon_deg,0.0017687240803759509
sun_altitude_deg,0.0017643886471211735
vedic_mangal_nakshatra,0.0017513348271520658
vedic_shani_right_ascension,0.0017500052867151308
lunar_node_descending_utc,0.0016471867342205187
neptune_ecliptic_lon_deg,0.001621372133486338
uranus_altitude_deg,0.0016118334045947726
lunar_node_ascending_utc,0.0015696489829468085
vedic_spashth_ketu_right_ascension,0.0015317269545023016
uranus_sin_alt,0.0015219084656729362
vedic_lagna_padam,0.0014926049188892041
vedic_spashth_rahu_full_degree,0.001396766729788713
vedic_shani_full_degree,0.0013860329402042557
vedic_spashth_ketu_full_degree,0.001376570992641834
vedic_rahu_right_ascension,0.0013230977974096696
vedic_chandra_padam,0.0013183754560820882
vedic_ketu_full_degree,0.0013065848992250021
vedic_spashth_rahu_right_ascension,0.0013019616046182003
vedic_ketu_right_ascension,0.0012804263785547538
vedic_rahu_declination,0.001278469021904694
vedic_rahu_full_degree,0.0012779969465272715
neptune_sin_alt,0.0012697355328567278
neptune_altitude_deg,0.0012632863532537452
drik_ritu,0.001258468774221563
vedic_shani_speed_deg_per_day,0.001242226320127913
vedic_arun_speed_deg_per_day,0.0012314822065997322
vedic_ketu_declination,0.0011971247455950787
vedic_arun_right_ascension,0.0011311960639436994
vedic_ritu,0.0011077303340453059
vedic_spashth_rahu_declination,0.001100811869506458
vedic_spashth_rahu_nakshatra,0.0010931385338455576
vedic_shani_declination,0.0010359868616002775
vedic_spashth_ketu_declination,0.001002376362633043
vedic_guru_padam,0.0009038854476983933
vedic_guru_nakshatra,0.0008832980407616304
vedic_varun_right_ascension,0.0008379910524976241
vedic_rahu_nakshatra,0.0007739131413921261
vedic_varun_full_degree,0.0007374033363607103
vedic_shani_padam,0.0007339753284316028
vedic_arun_declination,0.0005826000693517902
vedic_spashth_ketu_nakshatra,0.0005445306100335719
vedic_ketu_nakshatra,0.0005161919383783882
vedic_spashth_rahu_padam,0.0005103606914885971
vedic_shani_nakshatra,0.000477935603724023
vedic_rahu_padam,0.0004762675450826204
vedic_arun_padam,0.0004715966833761177
vedic_varun_declination,0.0004518836353462335
vedic_ketu_padam,0.00043279461318720556
vedic_spashth_ketu_padam,0.00043047374074991714
samvatsara,0.00042386778799885565
vedic_yam_speed_deg_per_day,0.0003280535998099466
paksha,0.00030127083379479674
vedic_surya_speed_deg_per_day,0.0002436645318055134
vedic_yam_padam,0.00020760926818803407
vedic_varun_padam,0.0001995434339989311
vedic_varun_nakshatra,0.00018294392186090448
month,0.0001805917381551466
vedic_arun_nakshatra,0.0001802783589162066
vedic_yam_nakshatra,0.00013162869521871512
vedic_ayana,5.814851547772942e-05
drik_ayana,3.726702605647393e-05
vedic_ketu_speed_deg_per_day,0.0
vedic_rahu_speed_deg_per_day,0.0
cone_point_count,0.0
cone_area_deg2,0.0
cone_lon_min,0.0
cone_lon_max,0.0
cone_lat_min,0.0
cone_lat_max,0.0
cone_lon_spread,0.0
cone_lat_spread,0.0
